Year,Actor,Movie,Songs,Singer,Music Director,Director
1977,Rajini,Kavikuyil,Chinna Kannan Azhaikiran,Balamurali Krishna,Ilayaraja,Devaraj-Mohan
1977,Rajini,Bhuvana Oru Kelvikuri,Vizhiyile Malarndhadu,SPB,Ilayaraja,SP Muthuraman
1977,Rajini,Bhuvana Oru Kelvikuri,Raja Enbar,"SPB, Janaki",Ilayaraja,SP Muthuraman
1978,Rajini,Mullum Malarum,Senthalam Poovil,KJ Yesudas,Ilayaraja,Mahendran 
1978,Rajini,Mullum Malarum,Raman Aandalum,SPB,Ilayaraja,Mahendran 
1978,Rajini,Priya,En Uyir Nee Thane,"KJ Yesudas, Jency",Ilayaraja,SP Muthuraman
1978,Rajini,Priya,Ye Paadal Ondru,"KJ Yesudas, S Janaki",Ilayaraja,SP Muthuraman
1978,Rajini,Priya,Akarai Cheemai,KJ Yesudas,Ilayaraja,SP Muthuraman
1979,Rajini,Dharma Yuddham,Oru Thanga Rathathil,Malaysia Vasudevan,Ilayaraja,
1979,Rajini,Dharma Yuddham,Aagaya Gangai,"Malaysia Vasudevan, S Janaki",Ilayaraja,
1979,Rajini,6 il irndhu 60 varai,Kanmaniye Kadhal Enbadhu,"SPB, S Janaki",Ilayaraja,SP Muthuraman
1980,Rajini,Billa,My Name is Billa,SPB,MSV,
1980,Rajini,Billa,Vethalaya Potendi,Malaysia Vasudevan,MSV,
1980,Rajini,Anbuku Naan Adimai,Kaathodu Poovurasa,"SPB, P Susheela",Ilayaraja,
1980,Rajini,Johny,En Vanilay,Jency,Ilayaraja,Mahendran 
1980,Rajini,Johny,Kaatril Enthan, S Janaki,Ilayaraja,Mahendran 
1980,Rajini,Johny,Aasaiye Kaathula,Shailaja,Ilayaraja,Mahendran 
1980,Rajini,Johny,Oru Iniya Manathu,Sujatha,Ilayaraja,Mahendran 
1980,Rajini,Polladhavan,Naan Polladhavan,SPB,MSV,
1980,Rajini,Murattu Kaalai,Pothuvaga En Manasu,Malaysia Vasudevan,Ilayaraja,SP Muthuraman
1981,Rajini,Thillu Mullu,Thillu Mullu,SPB,MSV,K Balachander
1981,Rajini,Thillu Mullu,Raagangal Padhinaru,SPB,MSV,K Balachander
1981,Rajini,Netrikan,Ramanin Mohanam,"KJ Yesudas, S Janaki",Ilayaraja,SP Muthuraman
1982,Rajini,Thanikatu Raja,Sandana Katre,"SPB, S Janaki",Ilayaraja,
1982,Rajini,Thanikatu Raja,Rasave Unna Naan,Shailaja,Ilayaraja,
1982,Rajini,Ranga,Pattukotai Ammalu,"SPB, Malaysia Vasudevan",Shankar-Ganesh,
1982,Rajini,PuthuKavithai,Vellai Pura Ondru,"KJ Yesudas, S Janaki",Ilayaraja,SP Muthuraman
1982,Rajini,PuthuKavithai,Vaa Vaa Vasanthamey,Malaysia Vasudevan,Ilayaraja,SP Muthuraman
1983,Rajini,Thanga Magan,Raathiriyil Poothirukum,"SPB, S Janaki",Ilayaraja,A Jaganathan
1983,Rajini,Thanga Magan,Vaa Vaa Pakkam Vaa,"SPB, Vani Jayaram",Ilayaraja,A Jaganathan
1983,Rajini,Adutha Varisu,Pesa Koodadhu,"SPB, P Susheela",Ilayaraja,SP Muthuraman
1983,Rajini,Adutha Varisu,Aasai Nooru Vagai,Malaysia Vasudevan,Ilayaraja,SP Muthuraman
1984,Rajini,Anbulla Rajinikanth,Kadavul Ullame,Latha Rajinikanth,Ilayaraja,
1984,Rajini,Thambiku Endha Ooru,Kadhalin Deepam Ondru,SPB,Ilayaraja,Rajasekhar
1984,Rajini,Nallavanuku Nallavan,Unnaithane Thanjam,KJ Yesudas,Ilayaraja,SP Muthuraman
1984,Rajini,Nallavanuku Nallavan,Chittuku Chella Chituku,KJ Yesudas,Ilayaraja,SP Muthuraman
1984,Rajini,Nallavanuku Nallavan,Vechukava Unna Mattum,"KJ Yesudas, S Janaki",Ilayaraja,SP Muthuraman
1985,Rajini,Naan Sigappu Manithan,Penn Maaney Sangeetham,"SPB, S Janaki",Ilayaraja,
1985,Rajini,Sri Ragavendar,Aadal Kalaiye,KJ Yesudas,Ilayaraja,SP Muthuraman
1985,Rajini,Sri Ragavendar,Azhaikiraan Maathavan,KJ Yesudas,Ilayaraja,SP Muthuraman
1985,Rajini,Padikadavan,Oora Therinjukiten,KJ Yesudas,Ilayaraja,Rajasekhar
1985,Rajini,Padikadavan,Oru Kootu,Malaysia Vasudevan,Ilayaraja,Rajasekhar
1986,Rajini,Mr Bharath,Ennama Kannu,"Malaysia Vasudevan, SPB",Ilayaraja,SP Muthuraman
1986,Rajini,Naan Adimai Ilai,Oru Jeevandhan,"SPB, S Janaki",Vijay Anand,
1987,Rajini,Velaikaran,Pethu Eduthavan,Malaysia Vasudevan,Ilayaraja,SP Muthuraman
1987,Rajini,Velaikaran,Va Va Va Kanna,"Mano, Chitra",Ilayaraja,SP Muthuraman
1987,Rajini,Velaikaran,Velai Ilathavan,Mano ,Ilayaraja,SP Muthuraman
1988,Rajini,Dharmathin Thalaivan,Thenmadurai Vaigai,"SPB, Malaysia Vasudevan, P Susheela",Ilayaraja,SP Muthuraman
1989,Rajini,Rajathi Raja,Meenama Meenama,"Mano, Chitra",Ilayaraja,R Sundarajan
1989,Rajini,Rajathi Raja,Mama Un Ponna,SPB,Ilayaraja,R Sundarajan
1989,Rajini,Rajathi Raja,Malaiyala Karai,Mano,Ilayaraja,R Sundarajan
1989,Rajini,Rajathi Raja,Enkitta Modhadhe,"Mano, Chitra",Ilayaraja,R Sundarajan
1989,Rajini,Rajathi Raja,Vaa Vaa Manjal Malare,"Mano, Shailaja",Ilayaraja,R Sundarajan
1989,Rajini,Raja Chinna Roja,Superstaru Yaaru,"SPB, Shailaja",Chandrabose,SP Muthuraman
1990,Rajini,Panakaran,Nooru Varusham,Mano,Ilayaraja,P Vasu
1991,Rajini,Dharmadurai,Maasi Maasam,"KJ Yesudas, Swarnalatha",Ilayaraja,Rajasekhar
1991,Rajini,Dharmadurai,Santhaiku Vandha Killi,"SPB, S Janaki",Ilayaraja,Rajasekhar
1991,Rajini,Dharmadurai,Aanena Pennena,SPB,Ilayaraja,Rajasekhar
1991,Rajini,Thalapathi,Sundari Kannal Oru Seidhi,"SPB, S Janaki",Ilayaraja,Mani Ratnam
1991,Rajini,Thalapathi,Yamunai Aatrile,Mitali Banerjee,Ilayaraja,Mani Ratnam
1991,Rajini,Thalapathi,Rakkama Kaiya Thattu,"SPB, Swarnalatha",Ilayaraja,Mani Ratnam
1991,Rajini,Thalapathi,Kaatu Kuyilu,"KJ Yesudas, SPB",Ilayaraja,Mani Ratnam
1991,Rajini,Thalapathi,Chinna Thai Aval,S Janaki,Ilayaraja,Mani Ratnam
1991,Rajini,Thalapathi,Margazhithan,"SPB, Swarnalatha",Ilayaraja,Mani Ratnam
1991,Rajini,Thalapathi,Putham Puthu Poo,"KJ Yesudas, S Janaki",Ilayaraja,Mani Ratnam
1992,Rajini,Mannan,Kumthalakadi,SPB,Ilayaraja,P Vasu
1992,Rajini,Mannan,Amma Endru,KJ Yesudas,Ilayaraja,P Vasu
1992,Rajini,Annamalai,Vanthenda Palkaran,SPB,Deva,Suresh Krishna
1992,Rajini,Annamalai,Vetri Nichayam,SPB,Deva,Suresh Krishna
1992,Rajini,Annamalai,Rekkai Katti,"SPB, Chitra",Deva,Suresh Krishna
1992,Rajini,Pandian,Pandiyanin Rajiyathil,"Mano, Chitra",Ilayaraja,SP Muthuraman
1992,Rajini,Pandian,Anbe Nee Enaa,"Mano, Chitra",Ilayaraja,SP Muthuraman
1993,Rajini,Yajaman,Aalapol Velapol,"SPB, Chitra",Ilayaraja,RV Udhaykumar
1993,Rajini,Yajaman,Nilave Mugam,"SPB, S Janaki",Ilayaraja,RV Udhaykumar
1993,Rajini,Yajaman,Oru Naalum,"SPB, S Janaki",Ilayaraja,RV Udhaykumar
1993,Rajini,Uzhaipali,Oru Kola Kili,"SPB, Chitra",Ilayaraja,P Vasu
1993,Rajini,Uzhaipali,Oru Maina Maina,"Mano, Chitra",Ilayaraja,P Vasu
1993,Rajini,Uzhaipali,Uzhaippali Illatha,Mano,Ilayaraja,P Vasu
1994,Rajini,Veera,Malai Kovil Vasalil,"Mano, Swarnalatha",Ilayaraja,Suresh Krishna
1994,Rajini,Veera,Madathile Kanni,"SPB, Swarnalatha",Ilayaraja,Suresh Krishna
1994,Rajini,Veera,Konji Konji,SPB,Ilayaraja,Suresh Krishna
1995,Rajini,Baasha,Naan Autokaran,SPB,Deva,Suresh Krishna
1995,Rajini,Baasha,Style Style Than,"SPB, Chitra",Deva,Suresh Krishna
1995,Rajini,Baasha,Azhagu Azhagu,"SPB, Chitra",Deva,Suresh Krishna
1995,Rajini,Muthu,Oruvan Oruvan,SPB,AR Rahman,KS Ravikumar
1995,Rajini,Muthu,Kuluvayile,"Udit Narayan, Chitra",AR Rahman,KS Ravikumar
1995,Rajini,Muthu,Thilana Thilana,"Mano, Sujatha",AR Rahman,KS Ravikumar
1995,Rajini,Muthu,Vidukathaiya,Hariharan,AR Rahman,KS Ravikumar
1997,Rajini,Arunachalam,Athanda Ithanda,SPB,Deva,Sundar C
1997,Rajini,Arunachalam,Singam Ondru,Malaysia Vasudevan,Deva,Sundar C
1999,Rajini,Padayappa,En Peru Padayappa,SPB,AR Rahman,KS Ravikumar
1999,Rajini,Padayappa,Minsara Kanna,"Srinivas, Nithyashree",AR Rahman,KS Ravikumar
1999,Rajini,Padayappa,Suthi Suthi,"SPB, Harini",AR Rahman,KS Ravikumar
1999,Rajini,Padayappa,Vetri Kodi,Palakad Sreeram,AR Rahman,KS Ravikumar
1999,Rajini,Padayappa,Kikku Yerudhey,"Mano, Febi Mani",AR Rahman,KS Ravikumar
2002,Rajini,Baba,Sakthi Kodu,Karthik,AR Rahman,Suresh Krishna
2005,Rajini,Chandramukhi,Athinthom,SPB,Vidyasagar,P Vasu
2005,Rajini,Chandramukhi,Annanoda Paatu,"KK, Karthik, Sujatha",Vidyasagar,P Vasu
2005,Rajini,Chandramukhi,Devuda,SPB,Vidyasagar,P Vasu
2007,Rajini,Sivaji,Ballelaka,SPB,AR Rahman,Shankar
2007,Rajini,Sivaji,Sahana ,"Udit Narayan, Chinmayi",AR Rahman,Shankar
2010,Rajini,Enthiran,Irumbile Oru Idhayam,"AR Rahman, Kash Krissy",AR Rahman,Shankar
2010,Rajini,Enthiran,Arima Arima,"Hariharan, Sadhana Sargam",AR Rahman,Shankar
2010,Rajini,Enthiran,Kadhal Annukal,"Vijay Prakash, Shreya Ghoshal",AR Rahman,Shankar
2014,Rajini,Kochadaiyan,Enge Pogudho Vanam,SPB,AR Rahman,
2014,Rajini,Kochadaiyan,Manamaganin Sathyam,Haricharan,AR Rahman,
2014,Rajini,Lingaa,Unmai Oru Naal,Haricharan,AR Rahman,KS Ravikumar
2016,Rajini,Kabali,Maya Nadhi,"Pradeep Kumar, Shwetha Mohan",Santhosh Narayanan,Pa Ranjith
2016,Rajini,Kabali,Nerupuda,Arunraja Kamaraj,Santhosh Narayanan,Pa Ranjith
2018,Rajini,Kaala,Kannama,Pradeep Kumar,Santhosh Narayanan,Pa Ranjith
2018,Rajini,2.o,Pullinangal,Bamba Bakya,AR Rahman,Shankar
2019,Rajini,Petta,Marana Mass,"SPB, Anirudh",Anirudh,Karthik Subburaj
2019,Rajini,Petta,Ilamai Thirumbudhe,Anirudh,Anirudh,Karthik Subburaj
2019,Rajini,Petta,Ulalla,"Nakash Aziz, Inno Genga",Anirudh,Karthik Subburaj
2019,Rajini,Petta,Petta Parak,Anirudh,Anirudh,Karthik Subburaj
2020,Rajini,Darbar,Thani Vazhi,"Anirudh, Yogi B",Anirudh,AR Murugadoss
2020,Rajini,Darbar,Chumma Kizhi,"SPB, Anirudh",Anirudh,AR Murugadoss
2020,Rajini,Jailer,Hukum,Anirudh,Anirudh,Nelson
1974,Kamal,Aval Oru Thodarkadhai,Kadavul Amaithuvaitha,SPB,MSV,K Balachander
1974,Kamal,Aval Oru Thodarkadhai,Dheivam Thandha,KJ Yesudas,MSV,K Balachander
1975,Kamal,Apoorva Ragangal,Athisaya Ragam,KJ Yesudas,MSV,K Balachander
1975,Kamal,Apoorva Ragangal,Kelviyin Nayagane,Vani Jayaram,MSV,K Balachander
1975,Kamal,Apoorva Ragangal,Yezhu Swarangalil,Vani Jayaram,MSV,K Balachander
1976,Kamal,Manmadha Leelai,Manaivi Amaivadhelam,KJ Yesudas,MSV,K Balachander
1976,Kamal,Manmadha Leelai,Nathamenum Kovil,Vani Jayaram,MSV,K Balachander
1976,Kamal,Oru Oodhappu Kan,Nalla Manam Vaazhga,KJ Yesudas,V Dakshinamoorthy,SP Muthuraman
1976,Kamal,Kumara Vijayam,Kani Rasi,"KJ Yesudas, P Susheela",G Devarajan,A Jaganathan
1977,Kamal,16 Vayadhinile,Sendhoora Poove,S Janaki,Ilayaraja,Bharathiraja
1977,Kamal,16 Vayadhinile,Aatukutti,"Malaysia Vasudevan, S Janaki",Ilayaraja,Bharathiraja
1978,Kamal,Nizhal Nijamagirathu,Kamban Emandhan,SPB,MSV,K Balachander
1978,Kamal,Nizhal Nijamagirathu,Ilakanam Maarudho,"SPB, Vani Jayaram",MSV,K Balachander
1978,Kamal,Ilamai Oonjal Aadukiradhu,Ennadi Meenakshi,SPB,Ilayaraja,CV Sridhar
1978,Kamal,Ilamai Oonjal Aadukiradhu,Ore Naal Unnai Naan,"SPB, Vani Jayaram",Ilayaraja,CV Sridhar
1978,Kamal,Ilamai Oonjal Aadukiradhu,Thani Karuthuruchu,Malaysia Vasudevan,Ilayaraja,CV Sridhar
1978,Kamal,Sattam En Kaiyil,Sorgam Madhuvile,SPB,Ilayaraja,
1978,Kamal,Sigapu Rojakal,Ninaivo Oru Paravai,"Kamal, S Janaki",Ilayaraja,Bharathiraja
1978,Kamal,Aval Apdidhan,Uravugal Thodarkadhai,KJ Yesudas,Ilayaraja,
1978,Kamal,Aval Apdidhan,Paneer Pushpangale,Kamal ,Ilayaraja,
1979,Kamal,Ninaithale Inikum,Engeyum Epodhum,SPB,MSV,K Balachander
1980,Kamal,Ulasa Paravaigal,Germaniyin Senthen,"SPB, S Janaki",Ilayaraja,
1980,Kamal,Guru,Perai Sollava,"SPB, S Janaki",Ilayaraja,
1980,Kamal,Guru,Endhan Kannil,S Janaki,Ilayaraja,
1980,Kamal,Varumai Niram Sigappu,Sippi Irukuthu,"SPB, S Janaki",MSV,K Balachander
1980,Kamal,Varumai Niram Sigappu,Nalladhor Veenai,SPB,MSV,K Balachander
1980,Kamal,Varumai Niram Sigappu,Theertha Karayinile,SPB,MSV,K Balachander
1981,Kamal,Raja Parvai,Andhi Mazhai,"SPB, S Janaki",Ilayaraja,Singeetam Srinivas Rao
1981,Kamal,Kadal Meengal,Thalatudhe Vaanam,"Jayachandran, S Janaki",Ilayaraja,
1981,Kamal,Tik Tik Tik,Idhu Oru Nila Kaalam,"S Janaki, TV Gopal",Ilayaraja,Bharathiraja
1981,Kamal,Tik Tik Tik,Netru Indha Neram,Latha Rajinikanth,Ilayaraja,Bharathiraja
1982,Kamal,Vaazhvey Mayam,Devi Sridevi,"SPB, Vani Jayaram",Gangai Amaran,
1982,Kamal,Vaazhvey Mayam,Neela Vaana Odayil,SPB,Gangai Amaran,
1982,Kamal,Vaazhvey Mayam,Vaazhvey Mayam,KJ Yesudas,Gangai Amaran,
1982,Kamal,Vaazhvey Mayam,Mazhai Kaala Megam,"SPB, Vani Jayaram",Gangai Amaran,
1982,Kamal,Moondram Pirai,Kanne Kalaimane,KJ Yesudas,Ilayaraja,Balu Mahendra
1982,Kamal,Moondram Pirai,Poongatru Pudhidhanadhu,KJ Yesudas,Ilayaraja,Balu Mahendra
1982,Kamal,Simla Special,Unakena Mele,SPB,MSV,
1982,Kamal,Sakalakala Vallavan,Ilamai Idho Idho,SPB,Ilayaraja,SP Muthuraman
1982,Kamal,Sakalakala Vallavan,Nila Kayuthu,"Malaysia Vasudevan, S Janaki",Ilayaraja,SP Muthuraman
1983,Kamal,Salangai Oli,Mounamana Neram,"SPB, S Janaki",Ilayaraja,K Vishwanath
1983,Kamal,Salangai Oli,Natha Vinothangal,"SPB, Shailaja",Ilayaraja,K Vishwanath
1983,Kamal,Salangai Oli,Thakita Thadhimi,SPB,Ilayaraja,K Vishwanath
1983,Kamal,Salangai Oli,Vedham Anuvilum,"SPB, Shailaja",Ilayaraja,K Vishwanath
1983,Kamal,Thoongadhey Thambi,Varuthu Varuthu,"SPB, S Janaki",Ilayaraja,SP Muthuraman
1983,Kamal,Thoongadhey Thambi,Naanaga Naan Illai,SPB,Ilayaraja,SP Muthuraman
1985,Kamal,Oru Kaidhiyin Diary,Ponmane Kovam Yeno,"Unni Menon, Uma Ramanan",Ilayaraja,Bharathiraja
1985,Kamal,Kakki Sattai,Kanmaniye Pesu,"SPB, S Janaki",Ilayaraja,Rajasekhar
1985,Kamal,Kakki Sattai,Singari Saraku,SPB,Ilayaraja,Rajasekhar
1985,Kamal,Kakki Sattai,Poo Pota Dhavani,"SPB, S Janaki",Ilayaraja,Rajasekhar
1985,Kamal,Kakki Sattai,Vaanile Thenila,"SPB, S Janaki",Ilayaraja,Rajasekhar
1985,Kamal,Uyarndha Ullam,Enge En Jeevane,"KJ Yesudas, S Janaki",Ilayaraja,SP Muthuraman
1985,Kamal,Uyarndha Ullam,Vanthal Mahalakshmiye,SPB,Ilayaraja,SP Muthuraman
1986,Kamal,Vikram,Vikram Vikram,"Kamal, S Janaki",Ilayaraja,Rajasekhar
1986,Kamal,Vikram,Vanithamani,"SPB, S Janaki",Ilayaraja,Rajasekhar
1986,Kamal,Vikram,En Jodi Manja Kuruvi,"SPB, Chitra, Shailaja",Ilayaraja,Rajasekhar
1986,Kamal,Punnagai Mannan,Edhedho Ennam Valarthen,Chitra,Ilayaraja,K Balachander
1986,Kamal,Punnagai Mannan,Enna Satham Indha Neram,SPB,Ilayaraja,K Balachander
1986,Kamal,Punnagai Mannan,Vaan Megam,Chitra,Ilayaraja,K Balachander
1986,Kamal,Punnagai Mannan,Singalathu Chinnakuyile,"SPB, Chitra",Ilayaraja,K Balachander
1986,Kamal,Punnagai Mannan,Kaala Kaalamaaga,"SPB, Chitra",Ilayaraja,K Balachander
1986,Kamal,Punnagai Mannan,Kavithai Kelungal Karuvil,"Vani Jayaram, Jayachandran",Ilayaraja,K Balachander
1987,Kamal,Kadhal Parisu,Koo Koo Endru Kuyil,"SPB, S Janaki",Ilayaraja,A Jaganathan
1987,Kamal,Nayakan,Naan Sirithal,"Jamuna Rani, MS Rajeswari",Ilayaraja,Mani Ratnam
1987,Kamal,Nayakan,Thenpandi Cheemayile,Kamal,Ilayaraja,Mani Ratnam
1987,Kamal,Nayakan,Nee Oru Kadhal Sangeetham,"Mano, Chitra",Ilayaraja,Mani Ratnam
1987,Kamal,Nayakan,Andhi Mazhai Megam,"TL Maharajan, P Susheela",Ilayaraja,Mani Ratnam
1987,Kamal,Nayakan,Nila Adhu Vanathumele,Ilayaraja,Ilayaraja,Mani Ratnam
1988,Kamal,Sathya,Valaiosai ,"SPB, Latha Mangeskar",Ilayaraja,Suresh Krishna
1988,Kamal,Unnal Mudiyum Thambi,Ithazhil Kadhai,"SPB, Chitra",Ilayaraja,K Balachander
1989,Kamal,Apoorva Sagodhargal,Raja Kaiya Vecha,Kamal,Ilayaraja,Singeetam Srinivas Rao
1989,Kamal,Apoorva Sagodhargal,Pudhu Mapplaiku,"SPB, Shailaja",Ilayaraja,Singeetam Srinivas Rao
1989,Kamal,Apoorva Sagodhargal,Unna Nenachen,SPB,Ilayaraja,Singeetam Srinivas Rao
1989,Kamal,Apoorva Sagodhargal,Annathae Aadurar,SPB,Ilayaraja,Singeetam Srinivas Rao
1989,Kamal,Apoorva Sagodhargal,Vazhavaikum Kadhaluku Jey,"SPB, S Janaki",Ilayaraja,Singeetam Srinivas Rao
1989,Kamal,Vetri Vizha,Marugo Marugo,"SPB, Chitra",Ilayaraja,
1989,Kamal,Vetri Vizha,Poongatru Un Per Solla,"SPB, Chitra",Ilayaraja,
1990,Kamal,MichealMadhanaKamarajan,Kadha Kelu ,"Ilayaraja, Deva",Ilayaraja,Singeetam Srinivas Rao
1990,Kamal,MichealMadhanaKamarajan,Rum Bum Bum,"SPB, Chitra",Ilayaraja,Singeetam Srinivas Rao
1990,Kamal,MichealMadhanaKamarajan,Sundari Neeyum Sundaran,"Kamal, S Janaki",Ilayaraja,Singeetam Srinivas Rao
1990,Kamal,MichealMadhanaKamarajan,Siva Raathiri,"Mano, Chitra",Ilayaraja,Singeetam Srinivas Rao
1990,Kamal,MichealMadhanaKamarajan,Vechalum Vekama Ponalum,"Malaysia Vasudevan, S Janaki",Ilayaraja,Singeetam Srinivas Rao
1991,Kamal,Guna,Kanmani Anbodu Kadhalan,"Kamal, S Janaki",Ilayaraja,
1991,Kamal,Guna,Paartha Vizhi,KJ Yesudas,Ilayaraja,
1992,Kamal,Singaravelan,Innum Ennai Enna,"SPB, S Janaki",Ilayaraja,RV Udhaykumar
1992,Kamal,Singaravelan,Pottu Vaitha Kadhal,Kamal,Ilayaraja,RV Udhaykumar
1992,Kamal,Singaravelan,Sonnapadi Kelu,Kamal,Ilayaraja,RV Udhaykumar
1992,Kamal,Thevar Magan,Potri Padadi,Mano,Ilayaraja,
1992,Kamal,Thevar Magan,Sandhu Pottu,"SPB, Kamal",Ilayaraja,
1992,Kamal,Thevar Magan,Inji Idupazhaghi,S Janaki,Ilayaraja,
1992,Kamal,Thevar Magan,Vaanam Thottu,SPB,Ilayaraja,
1993,Kamal,Kalaignan,Endhan Nenjil,"KJ Yesudas, S Janaki",Ilayaraja,
1994,Kamal,Nammavar,Sorgam Enbathu Namaku,"Srinivas, Swarnalatha",Mahesh,
1994,Kamal,Mahanadi,Sri Ranga,"SPB, Uma Ramanan, Shobana",Ilayaraja,
1995,Kamal,Sathi Leelavathi,Maharajanodu,"Unni Krishnan, Chitra",Ilayaraja,Balu Mahendra
1995,Kamal,Sathi Leelavathi,Marugo  ,"Kamal, Chitra",Ilayaraja,Balu Mahendra
1996,Kamal,Indian,Maya Machindra,"SPB, Swarnalatha",AR Rahman,Shankar
1996,Kamal,Indian,Pachai Kiligal,"KJ Yesudas, Nirmala",AR Rahman,Shankar
1996,Kamal,Indian,Telephone Manipol,"Hariharan, Harini, Srinivas",AR Rahman,Shankar
1996,Kamal,Indian,Kappaleri Poyachu,"SPB, P Susheela",AR Rahman,Shankar
1996,Kamal,Avvai Shanmughi,Rukku Rukku,"Kamal, Sujatha",Deva,KS Ravikumar
1996,Kamal,Avvai Shanmughi,Kadhala Kadhala,"Hariharan, Sujatha",Deva,KS Ravikumar
1998,Kamal,Kaadhala Kaadhala,Kaasumela Kasuvandhu,"Kamal, Udit Narayanan",Karthik Raja,Singeetam Srinivas Rao
2000,Kamal,Hey Ram,Ram Ram,"Kamal, Shruthi",Ilayaraja,Kamal 
2000,Kamal,Hey Ram,Nee Partha,"Asha Bhonsle, Hariharan",Ilayaraja,Kamal 
2000,Kamal,Hey Ram,Isaiyil Thodangudama,Ajoy Chakraborthy,Ilayaraja,Kamal 
2000,Kamal,Thenali,Alangati Mazhai,"Kamal, Srinivas, Sujatha",AR Rahman,KS Ravikumar
2002,Kamal,Panchathanthiram,Vandhen Vandhen,"Sujatha, Nithyashree",Deva,KS Ravikumar
2003,Kamal,Anbe Sivam,Anbe Sivam ,"Kamal, Karthik",Vidyasagar,Sundar C
2003,Kamal,Anbe Sivam,Mouname Parvayai,SPB,Vidyasagar,Sundar C
2003,Kamal,Anbe Sivam,Naatukoru Seithi,Kamal,Vidyasagar,Sundar C
2003,Kamal,Anbe Sivam,Poovasam ,"Vijay Prakash, Sadhana Sargam",Vidyasagar,Sundar C
2004,Kamal,Virumandi,Unna Vida,"Kamal, Shreya Ghoshal",Ilayaraja,Kamal 
2004,Kamal,Virumandi,Mada Vilake,Kamal,Ilayaraja,Kamal 
2004,Kamal,Vasool Raja,Kaadu Thirandhu,"Hariharan, Sadhana Sargam",Bharadwaj,
2004,Kamal,Vasool Raja,Cheena Thaana,Grace,Bharadwaj,
2004,Kamal,Vasool Raja,Alwarapetai Aaluda,Kamal,Bharadwaj,
2006,Kamal,Vettaiyadu Vilaiyadu,Karka Karka,"Devan, Andrea, Tippu",Harris Jayaraj,Gautham Menon
2006,Kamal,Vettaiyadu Vilaiyadu,Partha Mudhal,"Bombay Jayashri, Unni Menon",Harris Jayaraj,Gautham Menon
2006,Kamal,Vettaiyadu Vilaiyadu,Manja Veyil,"Hariharan, Krish, Nakul",Harris Jayaraj,Gautham Menon
2006,Kamal,Vettaiyadu Vilaiyadu,Uyirile,"Mahalakshmi Iyer, Srinivas",Harris Jayaraj,Gautham Menon
2008,Kamal,Dasavatharam,Kallai Mattum,Hariharan,Himesh Reshamiya,KS Ravikumar
2008,Kamal,Dasavatharam,Mukundha Mukundha,"Sadhana Sargam, Kamal ",Himesh Reshamiya,KS Ravikumar
2008,Kamal,Dasavatharam,Ulaga Nayagan,Vinit Singh,Himesh Reshamiya,KS Ravikumar
2008,Kamal,Dasavatharam,Oh Ho Sanam,"Kamal, Mahalakshmi Iyer",Himesh Reshamiya,KS Ravikumar
2010,Kamal,Manmadhan Ambu,Who's The Hero,Andrea Jeremiah,DSP,KS Ravikumar
2010,Kamal,Manmadhan Ambu,Neela Vanam,"Kamal, Priya Himesh",DSP,KS Ravikumar
2013,Kamal,Vishwaroopam,Vishwaroopam,Suraj Jagan,Shankar-Ehsan-Loy,Kamal 
2013,Kamal,Vishwaroopam,Unnai Kanadha Naan,"Kamal, Shankar Mahadevan",Shankar-Ehsan-Loy,Kamal 
2023,Kamal,Vikram,Pathala Pathala,"Kamal, Anirudh",Anirudh,Lokesh Kanagaraj
2023,Kamal,Vikram,Porkonda Singam,Ravi G,Anirudh,Lokesh Kanagaraj
2023,Kamal,Vikram,Once Upon A Time,Anirudh,Anirudh,Lokesh Kanagaraj
1980,Mohan,Moodu Pani,En Iniya Pon Nilave,KJ Yesudas,Ilayaraja,Balu Mahendra
1980,Mohan,Nenjathai Kiladhe,Paruvame,"SPB, S Janaki",Ilayaraja,Mahendran 
1982,Mohan,Payanangal Mudivathilai,Yeh Aatha,SPB,Ilayaraja,R Sundarajan
1982,Mohan,Payanangal Mudivathilai,Ilaya Nila,SPB,Ilayaraja,R Sundarajan
1982,Mohan,Payanangal Mudivathilai,Mani Osai,"SPB, S Janaki",Ilayaraja,R Sundarajan
1982,Mohan,Payanangal Mudivathilai,Mudhal Mudhal,SPB,Ilayaraja,R Sundarajan
1982,Mohan,Payanangal Mudivathilai,Salaioram,"SPB, S Janaki",Ilayaraja,R Sundarajan
1982,Mohan,Payanangal Mudivathilai,Thogai Ilamayil,SPB,Ilayaraja,R Sundarajan
1982,Mohan,Payanangal Mudivathilai,Vaigarayil,SPB,Ilayaraja,R Sundarajan
1983,Mohan,Ilamai Kaalangal,Paadavanthathor,"KJ Yesudas, P Susheela",Ilayaraja,Manivannan
1983,Mohan,Ilamai Kaalangal,Ragavane Ramana,P Susheela,Ilayaraja,Manivannan
1983,Mohan,Ilamai Kaalangal,Eeramana Rojave,KJ Yesudas,Ilayaraja,Manivannan
1984,Mohan,Naa Paadum Padal,Devan Kovil,"SN Surendar, S Janaki",Ilayaraja,R Sundarajan
1984,Mohan,Naa Paadum Padal,Seer Kondu Vaa,"SPB, S Janaki",Ilayaraja,R Sundarajan
1984,Mohan,Naa Paadum Padal,Paadum Vanambadi,SPB,Ilayaraja,R Sundarajan
1985,Mohan,Udhaya Geetham,Sangeetha Megam,SPB,Ilayaraja,K Rangaraj
1985,Mohan,Udhaya Geetham,Paadu Nilave,"SPB, S Janaki",Ilayaraja,K Rangaraj
1985,Mohan,Udhaya Geetham,Thene Thenpandi,SPB,Ilayaraja,K Rangaraj
1986,Mohan,Thendrale Enai Thodu,Thendral Vandhu Ennai,"KJ Yesudas, S Janaki",Ilayaraja,CV Sridhar
1986,Mohan,Thendrale Enai Thodu,Kanmani Nee Vara,"KJ Yesudas, Uma Ramanan",Ilayaraja,CV Sridhar
1986,Mohan,Thendrale Enai Thodu,Pudhiya Poovithu,"SPB, S Janaki",Ilayaraja,CV Sridhar
1985,Mohan,Kunguma Chimil,Nilavu Thoongum Neram,"SPB, S Janaki",Ilayaraja,R Sundarajan
1985,Mohan,Idaya Kovil,Idhayam Oru Kovil,Ilayaraja,Ilayaraja,Mani Ratnam
1985,Mohan,Idaya Kovil,Yaar Veetil Roja,SPB,Ilayaraja,Mani Ratnam
1985,Mohan,Idaya Kovil,Paatu Thalaivan ,"SPB, S Janaki",Ilayaraja,Mani Ratnam
1985,Mohan,Idaya Kovil,Naan Paadum Mounaragam,SPB,Ilayaraja,Mani Ratnam
1985,Mohan,Idaya Kovil,Vaanuyarntha Solaiyile,SPB,Ilayaraja,Mani Ratnam
1986,Mohan,Mouna Ragam,Nilave Vaa,SPB,Ilayaraja,Mani Ratnam
1986,Mohan,Mouna Ragam,Chinna Chinna Vanna Kuyil,S Janaki,Ilayaraja,Mani Ratnam
1986,Mohan,Mouna Ragam,Pani Vizhum Iravu,"SPB, S Janaki",Ilayaraja,Mani Ratnam
1986,Mohan,Mouna Ragam,Mandram Vandha ,SPB,Ilayaraja,Mani Ratnam
1986,Mohan,Mella Thirandadhu Kadhavu,Vaa Vennila ,"SPB, S Janaki",MSV,R Sundarajan
1986,Mohan,Mella Thirandadhu Kadhavu,Thedum Kan Parvai,"SPB, S Janaki",MSV,R Sundarajan
1986,Mohan,Mella Thirandadhu Kadhavu,Ooru Sanam,S Janaki,MSV,R Sundarajan
1986,Mohan,Mella Thirandadhu Kadhavu,Kuzhaloodhum Kananuku,Chitra,Ilayaraja,R Sundarajan
1987,Mohan,Rettai Vaal Kuruvi,Raja Raja Cholan,KJ Yesudas,Ilayaraja,CV Sridhar
1987,Mohan,Rettai Vaal Kuruvi,Kannan Vanthu Padugindran,S Janaki,Ilayaraja,CV Sridhar
1987,Mohan,Paadu Nilave,Malaiyoram Veesum,SPB,Ilayaraja,K Rangaraj
1988,Mohan,Paasa Paravaigal,Thenpandi Thamizhe,"KJ Yesudas, Chitra",Ilayaraja,
1981,Karthik,Alaigal Oyvathillai,Aayiram Thamarai,"SPB, S Janaki",Ilayaraja,Bharathiraja
1981,Karthik,Alaigal Oyvathillai,Darisanam Kidaikadha,Ilayaraja,Ilayaraja,Bharathiraja
1981,Karthik,Alaigal Oyvathillai,Kadhal Oviyam,"Ilayaraj, Jency",Ilayaraja,Bharathiraja
1981,Karthik,Alaigal Oyvathillai,Putham Puthu Kaalai,S Janaki,Ilayaraja,Bharathiraja
1981,Karthik,Alaigal Oyvathillai,Vizhiyil Vizhundhu,Ilayaraja,Ilayaraja,Bharathiraja
1982,Karthik,Ninaivellam Nithya,Neethane Enthan ,SPB,Ilayaraja,CV Sridhar
1982,Karthik,Ninaivellam Nithya,Panivizhum Malar,SPB,Ilayaraja,CV Sridhar
1982,Karthik,Ninaivellam Nithya,Rojavai Thaalatum,"SPB,  S Janaki",Ilayaraja,CV Sridhar
1986,Karthik,Dharma Pathini,Naan Thedum Sevanthi,"Ilayaraja, S Janaki",Ilayaraja,
1988,Karthik,Solla Thudikudhu Manasu,Poove Sem Poove,KJ Yesudas,Ilayaraja,
1988,Karthik,Agni Natchathiram,Thoongatha Vizhigal,"KJ Yesudas, S Janaki",Ilayaraja,Mani Ratnam
1988,Karthik,Agni Natchathiram,Ninukori Vannam,Chitra ,Ilayaraja,Mani Ratnam
1988,Karthik,Agni Natchathiram,Oru Poonga Vanam,S Janaki,Ilayaraja,Mani Ratnam
1988,Karthik,Agni Natchathiram,Raja Rajathi,Ilayaraja,Ilayaraja,Mani Ratnam
1988,Karthik,Agni Natchathiram,Roja Poo Adivandhadhu,S Janaki,Ilayaraja,Mani Ratnam
1988,Karthik,Agni Natchathiram,Vaa Vaa Anbe Anbe,"KJ Yesudas, Chitra",Ilayaraja,Mani Ratnam
1989,Karthik,Varusham 16,Pazhamuthir Cholai,KJ Yesudas,Ilayaraja,Fazil
1989,Karthik,Varusham 16,Karayatha Manamum Undo,"KJ Yesudas, Chitra",Ilayaraja,Fazil
1990,Karthik,Kalyana Pasi,Pathinetu Vayadhu,"Jayachandran, Chitra",Gyan Varma,
1990,Karthik,Kizhakku Vasal,Pachamal Poovu,SPB,Ilayaraja,RV Udhaykumar
1990,Karthik,Kizhakku Vasal,Paadi Parantha,SPB,Ilayaraja,RV Udhaykumar
1990,Karthik,Kizhakku Vasal,Ada Veetuku,Ilayaraja,Ilayaraja,RV Udhaykumar
1991,Karthik,Gopuram Vasalile,Kadhal Kavithaigal,"SPB, Chitra",Ilayaraja,
1992,Karthik,Unnai Nenachen ,Ennai Thottu,"SPB, Swarnalatha",Ilayaraja,
1993,Karthik,Ponnumani,Nenjukule Innarendru,"SPB, S Janaki",Ilayaraja,RV Udhaykumar
1982,Vijaykanth,Auto Raja,Sangathil Padadha,"Ilayaraja, S Janaki",Ilayaraja,
1984,Vijaykanth,Nooravathu Naal,Vizhiyile Mani ,"SPB, S Janaki",Ilayaraja,Manivannan
1984,Vijaykanth,Vaidhehi Kathirundhal,Rasathi Unna,Jayachandran,Ilayaraja,R Sundarajan
1984,Vijaykanth,Vaidhehi Kathirundhal,Azhagu Malarada,"S Janaki, TS Raghavendran",Ilayaraja,R Sundarajan
1984,Vijaykanth,Vaidhehi Kathirundhal,Kaathirunthu,Jayachandran,Ilayaraja,R Sundarajan
1984,Vijaykanth,Vaidhehi Kathirundhal,Megam Karukayile,"Ilayaraja, Uma Ramanan",Ilayaraja,R Sundarajan
1984,Vijaykanth,Vaidhehi Kathirundhal,Inraiku Yen Indha ,"Jayachandran, Vani Jayaram",Ilayaraja,R Sundarajan
1985,Vijaykanth,Neethiyin Marupakkam,Maalai Karukayile,"KJ Yesudas, S Janaki",Ilayaraja,
1986,Vijaykanth,Amman Kovil Kizhakale,Chinamani Kuyile,SPB,Ilayaraja,R Sundarajan
1986,Vijaykanth,Amman Kovil Kizhakale,Poove Eduthu,"Jayachandran, S Janaki",Ilayaraja,R Sundarajan
1986,Vijaykanth,Amman Kovil Kizhakale,Un Parvayil,"KJ Yesudas, Chitra",Ilayaraja,R Sundarajan
1986,Vijaykanth,Oomai Vizhigal,Tholvi Nilayana,PB Sreenivas,Manoj Gyan,
1990,Vijaykanth,Chatriyan,Maalayil Yaro,Swarnalatha,Ilayaraja,
1991,Vijaykanth,Captain Prabhakaran,Aatama Therotama,Swarnalatha,Ilayaraja,
1992,Vijaykanth,Chinna Gounder,Antha Vanatha Pola,Ilayaraja,Ilayaraja,RV Udhaykumar
1992,Vijaykanth,Chinna Gounder,Kannu Padapogudhu,Ilayaraja,Ilayaraja,RV Udhaykumar
1992,Vijaykanth,Chinna Gounder,Koondu Kulla ,"SPB, S Janaki",Ilayaraja,RV Udhaykumar
1992,Vijaykanth,Chinna Gounder,Muthumani Mala,"SPB, P Susheela",Ilayaraja,RV Udhaykumar
1993,Vijaykanth,Koyil Kaalai,Adi Maana Madhurayila,"SPB, S Janaki",Ilayaraja,Gangai Amaran
1952,Sivaji,Parasakthi,Oh Rasikum Seemane,MS Rajeswari,R Sudarsanam,Krishnanâ€“Panju
1956,Sivaji,Amara Deepam,Jalilo Gymkhana,Jikki,Chalapathi Rao,T Prakash Rao
1956,Sivaji,Rangoon Radha,Thalaivari Poochudi Unnai,Bhanumathi,TR Paapa,
1957,Sivaji,Makkalai Petra Magarasi,Manaparai Maadu Katti,TMS ,KV Mahadevan,
1957,Sivaji,Makkalai Petra Magarasi,Ondru Serndha Anbu,PB Sreenivas,KV Mahadevan,
1957,Sivaji,Pudhayal,Vinnodum Mugilodum,"CS Jayaram, P Susheela",Visw-Ram,Krishnanâ€“Panju
1957,Sivaji,Pudhayal,Unakaga Ellam Unakaga,JP Chandrababu,Visw-Ram,Krishnanâ€“Panju
1957,Sivaji,Manamagan Thevai,Pambarakanale,JP Chandrababu,G Ramanathan,
1957,Sivaji,Thangamalai Ragasiyam,Amudhai Pozhiyum Nilave,P Susheela,TG Lingappa,BR Panthulu
1957,Sivaji,Ambikapathy,Sindhanai Sei Maname,TMS ,G Ramanathan,P Neelakantan
1957,Sivaji,Ambikapathy,Vadivelum Mayilum,TMS ,G Ramanathan,P Neelakantan
1957,Sivaji,Ambikapathy,Maasila Nilave,"TMS, Bhanumathi",G Ramanathan,P Neelakantan
1958,Sivaji,Uthama Puthiran,Yaaradi Nee Mohini,"TMS, Jamuna Rani, Jikki",G Ramanathan,T Prakash Rao
1958,Sivaji,Uthama Puthiran,Mullai Malar Mele,"TMS, P Susheela",G Ramanathan,T Prakash Rao
1958,Sivaji,Uthama Puthiran,Unnazhagai Kanniyargal,P Susheela,G Ramanathan,T Prakash Rao
1958,Sivaji,Sarangadhara,Vasantha Mullai Pole,TMS,G Ramanathan,
1958,Sivaji,Sabash Meena,Chitiram Pesuthadi,TMS,TG Lingappa,BR Panthulu
1959,Sivaji,Thanga Padhumai,Mugathil Mugam,"TMS, Leela",Visw-Ram,
1959,Sivaji,Veerapandiya Kattaboman,Inbam Pongum Vennila,"PBS, P Susheela",G Ramanathan,BR Panthulu
1959,Sivaji,Veerapandiya Kattaboman,Singara Kanne,Varalakshmi,G Ramanathan,BR Panthulu
1959,Sivaji,Maragatham,Kunguma Poove,"Chandrababu, Jamuna Rani",SM Subbiah Naidu,
1959,Sivaji,Bhaga Pirivinai,Thangathile Oru Kurai,P Susheela,Visw-Ram,Bhimsingh
1959,Sivaji,Bhaga Pirivinai,Thalaiyam Poo,"TMS, Leela",Visw-Ram,Bhimsingh
1959,Sivaji,Bhaga Pirivinai,En Piranthai Magane,TMS,Visw-Ram,Bhimsingh
1960,Sivaji,Deiva Piravi,Anbale Thediya En,"CS Jayaram, S Janaki",R Sudarsanam,Krishnanâ€“Panju
1960,Sivaji,Padikadha Medhai,Ore Oru Oorile,"TMS, Soolamangalam",KV Mahadevan,Bhimsingh
1960,Sivaji,Paavai Vilaku,Aayiram Kan,CS Jayaram,KV Mahadevan,
1960,Sivaji,Paavai Vilaku,Kaaviyama Nenjil,"CS Jayaram, P Susheela",KV Mahadevan,
1960,Sivaji,Paavai Vilaku,Vannatamizh Pen Oruthi,"CS Jayaram, LR Eswari",KV Mahadevan,
1960,Sivaji,Vidivelli,Aadamal Adugiren,P Susheela,AM Rajah,CV Sridhar
1961,Sivaji,Paava Manippu,Athan Enathan,P Susheela,Visw-Ram,Bhimsingh
1961,Sivaji,Paava Manippu,Kaalangalil Aval,PB Sreenivas,Visw-Ram,Bhimsingh
1961,Sivaji,Paava Manippu,Paal Irukum,P Susheela,Visw-Ram,Bhimsingh
1961,Sivaji,Paava Manippu,Elorum Kondaduvom,"TMS, Nagoor Hanifa",Visw-Ram,Bhimsingh
1961,Sivaji,Paava Manippu,Vandha Naal ,TMS,Visw-Ram,Bhimsingh
1961,Sivaji,Pasamalar,Malargalai Pol Thangai,TMS,Visw-Ram,Bhimsingh
1961,Sivaji,Pasamalar,Malarnthum Malaradha,"TMS, P Susheela",Visw-Ram,Bhimsingh
1961,Sivaji,Pasamalar,Mayangugiral Oru Madhu,P Susheela,Visw-Ram,Bhimsingh
1961,Sivaji,Pasamalar,Vaarai En Thozhi,LR Eswari,Visw-Ram,Bhimsingh
1961,Sivaji,Pasamalar,Yaar Yaar Aval,"PB Sreenivas, P Susheela",Visw-Ram,Bhimsingh
1961,Sivaji,Paalum Pazhamum,Aalaya Maniyin,P Susheela,Visw-Ram,Bhimsingh
1961,Sivaji,Paalum Pazhamum,Ennai Yaar Endru,"TMS, P Susheela",Visw-Ram,Bhimsingh
1961,Sivaji,Paalum Pazhamum,Kathal Siragai,P Susheela,Visw-Ram,Bhimsingh
1961,Sivaji,Paalum Pazhamum,Naan Pesa Ninaipadhelam,"TMS, P Susheela",Visw-Ram,Bhimsingh
1961,Sivaji,Paalum Pazhamum,Paalum Pazhamum,TMS,Visw-Ram,Bhimsingh
1961,Sivaji,Paalum Pazhamum,Ponal Pogatum Poda,"TMS, MSV",Visw-Ram,Bhimsingh
1961,Sivaji,Kappalotiya Thamizhan,Vandhe Matharam Enbom,Sirkazhi,G Ramanathan,BR Panthulu
1962,Sivaji,Parthal Pasi Theerum,Andru Oomai Pennalo,"AL Raghavan, P Susheela",Visw-Ram,Bhimsingh
1962,Sivaji,Parthal Pasi Theerum,Kodi Asainthathum,"TMS, P Susheela",Visw-Ram,Bhimsingh
1962,Sivaji,Nichaya Thamboolam,Aandavan Padaichan,TMS,Visw-Ram,
1962,Sivaji,Nichaya Thamboolam,Paavadai Dhavaniyil,TMS,Visw-Ram,
1962,Sivaji,Padithal Mattum Podhuma,Pon Ondru Kanden,"TMS, PB Sreenivas",Visw-Ram,Bhimsingh
1962,Sivaji,Bale Pandiya,Athi Kai Kai,"TMS, PB Sreenivas, P Susheela",Visw-Ram,BR Panthulu
1962,Sivaji,Bale Pandiya,Neeye Unaku Endru,TMS,Visw-Ram,BR Panthulu
1962,Sivaji,Bale Pandiya,Vaazha Ninaithal,"TMS, P Susheela",Visw-Ram,BR Panthulu
1962,Sivaji,Aalayamani,Kallelam Maanika,"TMS, LR Eswari",Visw-Ram,K Shankar
1962,Sivaji,Aalayamani,Ponnai Virumbum,TMS,Visw-Ram,K Shankar
1962,Sivaji,Aalayamani,Satti Suttadhada,TMS,Visw-Ram,K Shankar
1963,Sivaji,Iruvar Ullam,Paravaigal Palavitham,TMS,KV Mahadevan,LV Prasad
1963,Sivaji,Iruvar Ullam,Nadhi Engey Pogiradhu,"TMS, P Susheela",KV Mahadevan,LV Prasad
1963,Sivaji,Iruvar Ullam,Kanethire Thondrinal,TMS,KV Mahadevan,LV Prasad
1963,Sivaji,Paar Magale Paar,Aval Paranthu Ponale,"TMS, PB Sreenivas",Visw-Ram,Bhimsingh
1963,Sivaji,Paar Magale Paar,Madhura Nagaril,"PB Sreenivas, P Susheela",Visw-Ram,Bhimsingh
1963,Sivaji,Paar Magale Paar,Neerodum Vaigayile,"TMS, P Susheela",Visw-Ram,Bhimsingh
1963,Sivaji,Kungumam,Chinna Siriya Vannaparavai,"TMS, S Janaki",KV Mahadevan,Krishnanâ€“Panju
1963,Sivaji,Kungumam,Thoongadha Kannendru,"TMS, P Susheela",KV Mahadevan,Krishnanâ€“Panju
1963,Sivaji,Annai Ilam,Ennirandu 16 Vayadhu,TMS,KV Mahadevan,P Madhavan
1964,Sivaji,Karnan,Ulathil Nalla Ullam,Sirkazhi,Visw-Ram,BR Panthulu
1964,Sivaji,Karnan,Poi Vaa Magale,Soolamangalam,Visw-Ram,BR Panthulu
1964,Sivaji,Pachai Vilakku ,Olimayamana Ethirkalam,TMS,Visw-Ram,Bhimsingh
1964,Sivaji,Aandavan Kattalai,Amaithiyana Nathiyinile,"TMS, P Susheela",Visw-Ram,K Shankar
1964,Sivaji,Aandavan Kattalai,Aaru Maname Aaru,TMS,Visw-Ram,K Shankar
1964,Sivaji,Aandavan Kattalai,Siripu Varuthu,Chandrababu ,Visw-Ram,K Shankar
1964,Sivaji,Kai Kodutha Deivam,Sindhu Nadhiyin,"TMS, LR Eswari",Visw-Ram,
1964,Sivaji,Puthiya Paravai,Engey Nimmadhi,TMS,Visw-Ram,Dada Mirasi
1964,Sivaji,Puthiya Paravai,Chittu Kuruvi,P Susheela,Visw-Ram,Dada Mirasi
1964,Sivaji,Puthiya Paravai,Aha Mella Nada,TMS,Visw-Ram,Dada Mirasi
1964,Sivaji,Puthiya Paravai,Unnai Ondru Ketpen,P Susheela,Visw-Ram,Dada Mirasi
1964,Sivaji,Puthiya Paravai,Paartha Gnaybagam Ilayo,P Susheela,Visw-Ram,Dada Mirasi
1964,Sivaji,Navaratri,Iravinil Aatam,TMS,KV Mahadevan,AP Nagarajan
1965,Sivaji,Santhi,Yaarantha Nilavu,TMS,Visw-Ram,Bhimsingh
1965,Sivaji,Santhi,Senthur Murugan,"P Susheela, PB Sreenivas",Visw-Ram,Bhimsingh
1965,Sivaji,Thiruvilayadal,Pazham Neeyapa,KB Sundarambal,KV Mahadevan,AP Nagarajan
1965,Sivaji,Thiruvilayadal,Oru Naal Podhuma,Balamurali Krishna,KV Mahadevan,AP Nagarajan
1965,Sivaji,Thiruvilayadal,Isai Thamizh Nee Seitha,TR Mahalingam,KV Mahadevan,AP Nagarajan
1965,Sivaji,Thiruvilayadal,Paartha Pasumaram,TMS,KV Mahadevan,AP Nagarajan
1965,Sivaji,Thiruvilayadal,Paatum Naane ,TMS,KV Mahadevan,AP Nagarajan
1966,Sivaji,Mahakavi Kalidas,Malarum Vaan Nilavum,P Susheela,KV Mahadevan,
1967,Sivaji,Kandhan Karunai,Arupadai Veedu Konda,Sirkazhi,KV Mahadevan,AP Nagarajan
1966,Sivaji,Saraswathi Sabatham,Kalviya Selvama,TMS,KV Mahadevan,AP Nagarajan
1967,Sivaji,Nenjirukum Varai,Muthukalo Kangal,"TMS, P Susheela",MSV,CV Sridhar
1967,Sivaji,Nenjirukum Varai,Poo Mudippal,TMS,MSV,CV Sridhar
1967,Sivaji,Nenjirukum Varai,Enge Neeyo Naanum,P Susheela,MSV,CV Sridhar
1967,Sivaji,Thiruverutchelvar,Mannavan Vanthanadi,P Susheela,KV Mahadevan,AP Nagarajan
1967,Sivaji,Thiruverutchelvar,Sithamellam Enaku,TMS,KV Mahadevan,AP Nagarajan
1967,Sivaji,Thiruverutchelvar,Naadhar Mudi,TMS,KV Mahadevan,AP Nagarajan
1967,Sivaji,Iru Malargal,Madhavi Pon Mayilal,TMS,MSV,AC Tirulokchander
1967,Sivaji,Ooty Varai Uravu,Thedinen Vanthathu,P Susheela,MSV,CV Sridhar
1967,Sivaji,Ooty Varai Uravu,Poo Malayil,"TMS, P Susheela",MSV,CV Sridhar
1968,Sivaji,Enga Oor Raja ,Yaarai Nambi Naan,TMS,MSV,P Madhavan
1968,Sivaji,Thilana Mohanambal,Maraindhirundhu,P Susheela,KV Mahadevan,AP Nagarajan
1968,Sivaji,Thilana Mohanambal,Nalandhana,P Susheela,KV Mahadevan,AP Nagarajan
1968,Sivaji,Uyarndha Manithan,Andha Naal Nyabagam,TMS,MSV,Krishnanâ€“Panju
1968,Sivaji,Uyarndha Manithan,Naalai Indha Velai Paarthu,P Susheela,MSV,Krishnanâ€“Panju
1969,Sivaji,Sivandha Mann,Oru Raja Raniyidam,"TMS, P Susheela",MSV,CV Sridhar
1969,Sivaji,Sivandha Mann,Pattathu Rani,LR Eswari,MSV,CV Sridhar
1969,Sivaji,Deiva Magan,Kettadhum Koduppavane Krishna,TMS,MSV,AC Tirulokchander
1970,Sivaji,Enga Mama,Chellakiligalam Paliyile,TMS,MSV,AC Tirulokchander
1970,Sivaji,Vietnam Veedu,Un Kannil Neer,TMS,KV Mahadevan,P Madhavan
1970,Sivaji,Engirundho Vandhal,Ore Paadal Unai,TMS,MSV,AC Tirulokchander
1970,Sivaji,Sorgam,Ponmagal Vandhal,TMS,MSV,T. R. Ramanna
1971,Sivaji,Praptam,Sandhanathil Nalla Vaasam,"TMS, P Susheela",MSV,
1971,Sivaji,Sumathi En Sundari,Pottu Vaitha Mugamo,SPB,MSV,
1971,Sivaji,Moondru Dheivangal,Vasanthathil Or Naal,P Susheela,MSV,
1972,Sivaji,Gnana Oli,Devane Ennai,TMS,MSV,P Madhavan
1972,Sivaji,Pattikada Pattanama,Adi Ennadi Rakkama,TMS,MSV,P Madhavan
1972,Sivaji,Thavapudhalvan,Isai Kettal Puvi,TMS,MSV,Muktha Srinivasan
1972,Sivaji,Vasantha Malligai,Kalaimagal Kai Porule,P Susheela,KV Mahadevan,
1972,Sivaji,Vasantha Malligai,Irandu Manam,TMS,KV Mahadevan,
1972,Sivaji,Vasantha Malligai,Mayakam Enna,"TMS, P Susheela",KV Mahadevan,
1973,Sivaji,Raja Raja Cholan,Thanjai Periya ,"TR Mahalingam, Sirkazhi",Kunnakudi ,AP Nagarajan
1973,Sivaji,Raja Raja Cholan,Yedu Thandhanadi,"Sirkazhi, Varalakshmi",Kunnakudi ,AP Nagarajan
1973,Sivaji,Raja Raja Cholan,Thendralodu,TR Mahalingam,Kunnakudi ,AP Nagarajan
1973,Sivaji,Ponnunjal,Agaya Pandhalile,"TMS, P Susheela",MSV,
1973,Sivaji,Gauravam,Palooti Valathakili,TMS,MSV,
1974,Sivaji,Thanga Padhakam,Sothanai Mel ,"TMS, P Susheela",MSV,P Madhavan
1975,Sivaji,Dr.Siva,Malare Kurinju,KJ Yesudas,MSV,AC Tirulokchander
1975,Sivaji,Paatum Bharathamum,Deivathin Ther Eduthu,TMS,MSV,P Madhavan
1978,Sivaji,Andaman Kathali,Antha Maanai,"KJ Yesudas, Vani Jayaram",MSV,Muktha Srinivasan
1950,MGR,Manthiri Kumari,Vaarai Nee Vaarai,Trichy Loganathan,G Ramanathan,TR Sundaram
1950,MGR,Manthiri Kumari,Ulavum Thendral,Jikki,G Ramanathan,TR Sundaram
1954,MGR,Malaikalan,Ethanai Kaalam,TMS,SM Subbiah Naidu,
1955,MGR,Gulebakavali,Mayakum Malai,"AM Rajah, Jikki",Visw-Ram,TR Ramanna
1956,MGR,Alibabavum 40 Thirudargal,Maasila Unmai Kathale,"AM Rajah, Bhanumathi",S Dakshinamoorthy,TR Sundaram
1956,MGR,Alibabavum 40 Thirudargal,Azhagana Ponnu Na,Bhanumathi,S Dakshinamoorthy,TR Sundaram
1956,MGR,Madurai Veeran,Echu Pizhaikum,"TMS, Jikki",G Ramanathan,
1957,MGR,Mahadevi,Kanmoodum Velaiyilum,"AM Rajah, P Susheela",Visw-Ram,
1957,MGR,Mahadevi,Kuruku Vazhiyil,TMS,Visw-Ram,
1958,MGR,Nadodi Mannan,Thoongadhe Thambi,TMS,SM Subbiah Naidu,MGR
1958,MGR,Nadodi Mannan,Sammadhama,Bhanumathi,SM Subbiah Naidu,MGR
1960,MGR,Mannathi Mannan,Aadadha Manamum,"TMS, MLV",Visw-Ram,
1960,MGR,Mannathi Mannan,Achcham Enbadhu,TMS,Visw-Ram,
1960,MGR,Mannathi Mannan,Kaniya Kaniya,"TMS, P Susheela",Visw-Ram,
1961,MGR,Thirudadhe,Thirudadhe,TMS,SM Subbiah Naidu,P Neelakantan
1962,MGR,Paasam,Pal Vannam,"PB Sreenivas, P Susheela",Visw-Ram,TR Ramanna
1963,MGR,Panathottam,Enna Than Nadakum,TMS,Visw-Ram,K Shankar
1963,MGR,Panathottam,Pesuvathu Kiliya,"TMS, P Susheela",Visw-Ram,K Shankar
1963,MGR,Periya Idathu Penn,Andru Vandhadhu,"TMS, P Susheela",Visw-Ram,TR Ramanna
1963,MGR,Periya Idathu Penn,Kattodu Kuzhal Aada,"TMS, P Susheela, LR Eswari",Visw-Ram,TR Ramanna
1963,MGR,Anandha Jodhi,Ninaika Therindha,P Susheela,Visw-Ram,
1963,MGR,Anandha Jodhi,Paniyilatha Margazhiya,"TMS, P Susheela",Visw-Ram,
1964,MGR,Vettaikaran,Unnai Arindhal,TMS,KV Mahadevan,MA Thirumugam
1964,MGR,Panakara Kudumbam,Pallaku Vaanga,TMS,Visw-Ram,TR Ramanna
1964,MGR,Deiva Thaai,Indha Punnagai,TMS,Visw-Ram,P Madhavan
1964,MGR,Deiva Thaai,Oru Pennai Paarthu,"TMS, P Susheela",Visw-Ram,P Madhavan
1964,MGR,Padagotti,Koduthadhalan Koduthal,TMS,Visw-Ram,T Prakash Rao
1964,MGR,Padagotti,Tharaimel Piraka,TMS,Visw-Ram,T Prakash Rao
1964,MGR,Padagotti,Thottal Po Malarum,"TMS, P Susheela",Visw-Ram,T Prakash Rao
1965,MGR,Enga Veetu Pillai,Naan Anayital,TMS,Visw-Ram,Chanakya
1965,MGR,Enga Veetu Pillai,Kumari Penin,"TMS,P Susheela",Visw-Ram,Chanakya
1965,MGR,Enga Veetu Pillai,Naan Manthopil,"TMS, LR Eswari",Visw-Ram,Chanakya
1965,MGR,Panam Padaithavan,Kanpona Pokile,TMS,Visw-Ram,TR Ramanna
1965,MGR,Aayirathil Oruthan,Adho Andha Paravaipola,TMS,Visw-Ram,BR Panthulu
1965,MGR,Aayirathil Oruthan,Unnai Naan ,P Susheela,Visw-Ram,BR Panthulu
1965,MGR,Aayirathil Oruthan,Adamal Aadugiren,P Susheela,Visw-Ram,BR Panthulu
1965,MGR,Aayirathil Oruthan,Odum Maegangale,TMS,Visw-Ram,BR Panthulu
1965,MGR,Aayirathil Oruthan,Yaen Endra Kelvi,TMS,Visw-Ram,BR Panthulu
1965,MGR,Kalangarai Vilakam,Kaatru Vaanga,TMS,MSV,K Shankar
1966,MGR,Anbe Vaa,Naan Parthathile,"TMS, P Susheela",MSV,AC Tirulokchander
1966,MGR,Anbe Vaa,Puthiya Vaanam,TMS,MSV,AC Tirulokchander
1966,MGR,Anbe Vaa,Rajavin Paarvai,"TMS, P Susheela",MSV,AC Tirulokchander
1966,MGR,Chandrodhayam,Chandrodhayam Oru Pen,"TMS, P Susheela",MSV,K Shankar
1966,MGR,Parakum Paavai,Kalyana Naal Paarka ,"TMS, P Susheela",MSV,TR Ramanna
1966,MGR,Petraltan Pillaiya,Nalla Nalla Pilaigalai,"Sirkazhi, P Susheela",MSV,Krishnanâ€“Panju
1967,MGR,Kavalkaran,Ninaithen Vanthal,"TMS, P Susheela",MSV,P Neelakantan
1967,MGR,Vivasayi,Vivasayi,TMS,KV Mahadevan,MA Thirumugam
1968,MGR,Kudiyirintha Kovil,Un Vizhiyum En Vaalum,"TMS, LR Eswari",MSV,K Shankar
1968,MGR,Kudiyirintha Kovil,Ennai Theriyuma,TMS,MSV,K Shankar
1968,MGR,Kudiyirintha Kovil,Thulluvadho Illamai,"TMS, LR Eswari",MSV,K Shankar
1968,MGR,Kudiyirintha Kovil,Aadaludan Paadalai,"TMS, P Susheela",MSV,K Shankar
1968,MGR,Kudiyirintha Kovil,Kunguma Pottin,"TMS, P Susheela",MSV,K Shankar
1968,MGR,Oli Vilaku,Aandavane Un,P Susheela,MSV,Chanakya
1968,MGR,Oli Vilaku,Iraiva Un Maaligayil,P Susheela,MSV,Chanakya
1969,MGR,Adimai Penn,Aayiram Nilave Vaa,"SPB, P Susheela",KV Mahadevan,K Shankar
1969,MGR,Adimai Penn,Thaai Ilamal,TMS,KV Mahadevan,K Shankar
1969,MGR,Adimai Penn,Yematradhe,TMS,KV Mahadevan,K Shankar
1969,MGR,Nam Naadu,Vaangaiya Vathyaraiya,"TMS, P Susheela",MSV,
1969,MGR,Nam Naadu,Ninaithadhai Nadathiye,"TMS, LR Eswari",MSV,
1970,MGR,Maatukara Velan,Pattikada Pattanama,"TMS, LR Eswari",KV Mahadevan,P Neelakantan
1970,MGR,En Annan,Nenjam Undu,TMS,KV Mahadevan,P Neelakantan
1970,MGR,Thedi Vandha Mapillai,Vetri Meedhu Vetri Vandhu,SPB,MSV,BR Panthulu
1970,MGR,Engal Thangam,Thanga Padhakathin Mele,"TMS, P Susheela",MSV,Krishnanâ€“Panju
1970,MGR,Engal Thangam,Kadha Kaalachebam,TMS,MSV,Krishnanâ€“Panju
1970,MGR,Engal Thangam,Naan Sethu Pulachavanda,TMS,MSV,Krishnanâ€“Panju
1971,MGR,Rickshawkaran,Kadaloram Vaangiya,TMS,MSV,M Krishnan
1971,MGR,Rickshawkaran,Ange Siripavargal,TMS,MSV,M Krishnan
1971,MGR,Rickshawkaran,Azhagiya Thamizh Magal,"TMS, P Susheela",MSV,M Krishnan
1972,MGR,Naan Yen Pirandhen,Naan Paadum Paadal,TMS,Shankar-Ganesh,M Krishnan
1972,MGR,Naan Yen Pirandhen,Naan Yen Piranthen,TMS,Shankar-Ganesh,M Krishnan
1973,MGR,Ulagam Sutrum Valiban,Aval Oru Navarasa,SPB,MSV,MGR
1973,MGR,Ulagam Sutrum Valiban,Nilavu Oru Pennagi,TMS,MSV,MGR
1973,MGR,Ulagam Sutrum Valiban,Pachaikili Muthucharam,"TMS, P Susheela",MSV,MGR
1973,MGR,Ulagam Sutrum Valiban,Sirithu Vaazha,TMS,MSV,MGR
1973,MGR,Ulagam Sutrum Valiban,Thanga Thoniyile,"KJ Yesudas, P Susheela",MSV,MGR
1974,MGR,Netru Indru Naalai,Padum Podhu Naan,SPB,MSV,P Neelakantan
1974,MGR,Netru Indru Naalai,Nee Enena ,"TMS, P Susheela",MSV,P Neelakantan
1974,MGR,Netru Indru Naalai,Ange Varuvadhu,"SPB, S Janaki",MSV,P Neelakantan
1974,MGR,Urimai Kural,Vizhiye Kadhai Ezhudhu,"KJ Yesudas, P Susheela",MSV,CV Sridhar
1975,MGR,Ninaithadhai Mudipavan,Poomazhai Thoovi,TMS,MSV,P Neelakantan
1975,MGR,Ninaithadhai Mudipavan,Kannai Nambathey,TMS,MSV,P Neelakantan
1975,MGR,Ninaithadhai Mudipavan,Oruvar Meethu,"TMS, P Susheela",MSV,P Neelakantan
1975,MGR,Naalai Namadhe,Naalai Namadhe,"TMS, SPB",MSV,
1975,MGR,Naalai Namadhe,Neela Nayanangalil,"KJ Yesudas, P Susheela",MSV,
1975,MGR,Idhayakani,Neenga Nalla Irukanum,"Sirkazhi, TMS, P Susheela",MSV,A Jaganathan
1975,MGR,Pallandu Vaazhga,Poi Vaa Nadhi,"KJ Yesudas, TK Kaala",MSV,K Shankar
1975,MGR,Pallandu Vaazhga,Enna Sugam,"KJ Yesudas, P Susheela",MSV,K Shankar
1975,MGR,Pallandu Vaazhga,Sorgathin Thirapuvizha,"KJ Yesudas, Vani Jayaram",MSV,K Shankar
1975,MGR,Pallandu Vaazhga,Ondre Kulamendru,KJ Yesudas,MSV,K Shankar
1976,MGR,Needhiku Thalaivanangu,Indha Pachai Kiliku Oru,KJ Yesudas,MSV,P Neelakantan
1976,MGR,Ooruku Uzhaipavan,Idhudhan Muthal,"KJ Yesudas, Vani Jayaram",MSV,M Krishnan
1976,MGR,Ooruku Uzhaipavan,Azhagenum Oviyam,"KJ Yesudas, P Susheela",MSV,M Krishnan
1976,MGR,Ooruku Uzhaipavan,Pillai Thamizh,KJ Yesudas,MSV,M Krishnan
1977,MGR,Indru Pol Endrum Vaazhga,Anbuku Naan Adimai,KJ Yesudas,MSV,K Shankar
1977,MGR,Meenava Nanban,Thangathil Mugameduthu,"KJ Yesudas, Vani Jayaram",MSV,CV Sridhar
1955,Gemini,Missiamma ,Vaarayo Vennilave,"AM Rajah, P Susheela",S Rajeswara Rao,LV Prasad
1955,Gemini,Missiamma ,Brindavanamum,"AM Rajah, P Susheela",S Rajeswara Rao,LV Prasad
1952,Gemini,Thaai Ullam,Konjum Purave,MLV,Nageswara Rao,
1957,Gemini,Mayabazar,Aaha Inba Nilavinile,"Ghantasala, Leela",S Rajeswara Rao,
1957,Gemini,Sadhaaram,Ninaindhu Ninaindhu Nenjam,TMS,G Ramanathan,
1957,Gemini,Mayabazar,Kalyana Samayal Sadham,Trichy Loganathan,S Rajeswara Rao,
1957,Gemini,Manalane Mangayn Bagyam,Thesulavuthe,"Ghantasala, P Susheela",Adinarayana Rao,
1957,Gemini,Manalane Mangayn Bagyam,Azhaikathe,P Susheela,Adinarayana Rao,
1957,Gemini,Mallika,Varuven Naan Unadhu,"AM Rajah, P Susheela",TR Paapa,
1957,Gemini,Sowbagyavathi,Thillai Ambala Nataraja,TMS,Nageswara Rao,
1958,Gemini,Vanjikotai Valiban,Kannum Kannum Kalandhu,"Leela, Jikki",C Ramachandra,
1959,Gemini,Kadan Vaangi Kalyanam,Podhum Undhan Jaalame,AM Rajah,S Rajeswara Rao,LV Prasad
1959,Gemini,Kalyana Parisu,Unaikandu Naan Aada,P Susheela,AM Rajah,CV Sridhar
1959,Gemini,Kalyana Parisu,Vaadikai Maranthathu,"AM Rajah, P Susheela",AM Rajah,CV Sridhar
1959,Gemini,Kalyana Parisu,Thullatha Manamum,Jikki,AM Rajah,CV Sridhar
1960,Gemini,Elorum Innatu Mannar,Ennarumai Kadhaliku,TMS,TG Lingappa,T Prakash Rao
1960,Gemini,Meenda Sorgam,Thuyiladha Pen Ondru,"AM Rajah, P Susheela",Chalapathi Rao,CV Sridhar
1960,Gemini,Kalathur Kannama,Kangalin Vaarthaigal,"AM Rajah, P Susheela",R Sudarsanam,Bhimsingh
1960,Gemini,Kalathur Kannama,Aadatha Manamum,"AM Rajah, P Susheela",R Sudarsanam,Bhimsingh
1960,Gemini,Kalathur Kannama,Ammavum Neeye,MS Rajeswari,R Sudarsanam,Bhimsingh
1961,Gemini,Then Nilavu,Chinna Chinna Kannule,"AM Rajah, P Susheela",AM Rajah,CV Sridhar
1961,Gemini,Then Nilavu,Kaalaiyum Neeye,"AM Rajah, S Janaki",AM Rajah,CV Sridhar
1961,Gemini,Then Nilavu,Malare Malare,P Susheela,AM Rajah,CV Sridhar
1961,Gemini,Then Nilavu,Nilavum Malarum,"AM Rajah, P Susheela",AM Rajah,CV Sridhar
1961,Gemini,Then Nilavu,Ohoo Endhan Baby,"AM Rajah, S Janaki",AM Rajah,CV Sridhar
1961,Gemini,Then Nilavu,Paatu Paadava,AM Rajah,AM Rajah,CV Sridhar
1961,Gemini,Bhagyalakshmi,Maalai Pozhuthin,P Susheela,Visw-Ram,
1961,Gemini,Panithirai,Yedho Manidhan,PB Sreenivas,KV Mahadevan,Muktha Srinivasan
1962,Gemini,Konjum Salangai,Singara Velane,S Janaki,SM Subbiah Naidu,
1962,Gemini,Manithan Maaravilai,Kadhal Yaathiraiku,"AL Raghavan, P Susheela",Ghantasala,
1962,Gemini,Aadi Peruku,Kaveri Oram,P Susheela,AM Rajah,K Shankar
1962,Gemini,Aadi Peruku,Thanimayile Inimai,"AM Rajah, P Susheela",AM Rajah,K Shankar
1962,Gemini,Kaathiruntha Kangal,Valarndha Kalai,"PB Sreenivas, P Susheela",Visw-Ram,T Prakash Rao
1962,Gemini,Paadha Kanikai,Aththai Magane,P Susheela,Visw-Ram,K Shankar
1962,Gemini,Paadha Kanikai,Poojaiku Vandha,"PB Sreenivas, S Janaki",Visw-Ram,K Shankar
1962,Gemini,Paadha Kanikai,Veedu Varai Uravu,TMS,Visw-Ram,K Shankar
1962,Gemini,Sumai Thaangi,Mambazhathu Vandu,"PB Sreenivas, S Janaki",Visw-Ram,CV Sridhar
1962,Gemini,Sumai Thaangi,Manithan Enbavan,PB Sreenivas,Visw-Ram,CV Sridhar
1962,Gemini,Sumai Thaangi,Mayakam Kalakama,PB Sreenivas,Visw-Ram,CV Sridhar
1963,Gemini,Karpagam,AthaI Madi Methaiyadi,P Susheela,Visw-Ram,
1963,Gemini,Karpagam,Mannavane Azhalama,P Susheela,Visw-Ram,
1965,Gemini,Vaazkai Padagu,Netru Varai Nee Yaro,PB Sreenivas,Visw-Ram,
1965,Gemini,Vallavanuku Vallavan,Or Aayiram Parvayile,TMS,Vedha,
1965,Gemini,Veera Abhimanyu,Paarthen Sirithen,"PB Sreenivas, P Susheela",KV Mahadevan,
1966,Gemini,Ramu,Nilave Ennidam,"PB Sreenivas, P Susheela",MSV,AC Tirulokchander
1969,Gemini,Shanthi Nilayam,Iyarkai Ennum,"SPB, P Susheela",MSV,
1971,Gemini,Avalukendru Oru Manam,Mangayaril Maharani,"SPB, P Susheela",MSV,CV Sridhar
1971,Gemini,Annai Velankani,Vaanamenum Veedhiyile,"KJ Yesudas, Madhuri",G Devarajan,
1971,Gemini,Aathi Parasakthi,Thanthaiku Manthirathai,Radha Jayalakshmi,KV Mahadevan,
1972,Gemini,Deivam,Maruthamalai,Madurai Somu,Kunnakudi ,MA Thirumugam
1972,Gemini,Deivam,Naadariyum 100 Malai,Pithukuli Murugadoss,Kunnakudi ,MA Thirumugam
1972,Gemini,Deivam,Varuvandi Tharuvandi,Soolamangalam,Kunnakudi ,MA Thirumugam
1972,Gemini,Deivam,Thiruchendorin Kadalorathin,"TMS, Sirkazhi",Kunnakudi ,MA Thirumugam
1972,Gemini,Deivam,Kundrathule Kumaranuku,Bangalore Ramani Ammal,Kunnakudi ,MA Thirumugam
1972,Gemini,Deivam,Thiruchendoril Por Purindhu,Radha Jayalakshmi,Kunnakudi ,MA Thirumugam
1976,Sivakumar,Annakili,Annakili Una Thedudhe,S Janaki,Ilayaraja,Devaraj-Mohan
1976,Sivakumar,Annakili,Machana Paathingala,S Janaki,Ilayaraja,Devaraj-Mohan
1976,Sivakumar,Bhadrakali,Kannan Oru Kaikuzhandai,"KJ Yesudas, P Susheela",Ilayaraja,
1978,Muthuraman,Kaatrinile Varum Geetham,Oru Vaanavil Pole,"Jayachandran, S Janaki",Ilayaraja,SP Muthuraman
1978,Muthuraman,Achchani,Maatha Un Kovilil,S Janaki,Ilayaraja,
1978,Sivakumar,Chittu Kuruvi,En Kanmani,"SPB, P Susheela",Ilayaraja,Devaraj-Mohan
1978,,Kizhake Pogum Rail,Kovil Mani Osai,"Malaysia Vasudevan, S Janaki",Ilayaraja,Bharathiraja
1978,,Kizhake Pogum Rail,Mancholai Kili Thano,Jayachandran,Ilayaraja,Bharathiraja
1978,,Kizhake Pogum Rail,Poovarasampoo Poothachu,S Janaki,Ilayaraja,Bharathiraja
1979,Vijaykanth,Agal Vilaku,Yedho Ninaivugal ,"KJ Yesudas, SP Shailaja",Ilayaraja,
1979,,Pagalil Oru Iravu,Ilamai Ennum Poongatru,SPB,Ilayaraja,
1979,,Azhage Unnai Aarathikkiren,Naane Naana ,Vani Jayaram,Ilayaraja,CV Sridhar
1979,,Niram Maratha Pookal,Aayiram Malargale,"Malaysia Vasudevan, SP Shailaja,Jency",Ilayaraja,Bharathiraja
1979,,Niram Maratha Pookal,Iru Paravaigal,Jency,Ilayaraja,Bharathiraja
1979,,Niram Maratha Pookal,Mudhal Mudhalaga,"SPB, S Janaki",Ilayaraja,Bharathiraja
1979,,Ponnu Oorukku Pudhusu,Oram Po,,Ilayaraja,
1979,,Puthiya Vaarpugal,Vaan Meghangale,,Ilayaraja,Bharathiraja
1979,,Puthiya Vaarpugal,Idhayam Poguthe,,Ilayaraja,Bharathiraja
1979,,Puthiya Vaarpugal,Thamthanam Thana,,Ilayaraja,Bharathiraja
1979,,Anbe Sangeetha,Chinnapura Ondru,,Ilayaraja,
1980,,Kallukul Eeram,Siru Ponmani,,Ilayaraja,
1980,,Moodu Pani,Yen Iniya Pon Nilave,,Ilayaraja,Balu Mahendra
1980,,Nizhalgal,Ithu Oru Pon Malai,,Ilayaraja,Bharathiraja
1980,,Nizhalgal,Madai Thiranthu,,Ilayaraja,Bharathiraja
1980,,Nizhalgal,Poongathave Thal Thiravai,,Ilayaraja,Bharathiraja
1981,,Paneer Pushpangal ,Kodai Kaala Katre,,Ilayaraja,P Vasu
1981,,Paneer Pushpangal ,Aanadha Ragam,,Ilayaraja,P Vasu
1981,,Paneer Pushpangal ,Poonthalir Aada,,Ilayaraja,P Vasu
1982,,Thai Mookambikai,Isai Arasi Ennalum,,Ilayaraja,
1982,,Thai Mookambikai,Janani Janani,,Ilayaraja,
1982,,Thooral Ninnu Pochu,Bhoopalam Isaikkum,,Ilayaraja,K Bhagyaraj
1982,,Thooral Ninnu Pochu,Thanga Sangili,,Ilayaraja,K Bhagyaraj
1982,Prabhu,Kozhi Koovuthu,Edho Mogam ,,Ilayaraja,Gangai Amaran
1982,Sivakumar,Anandha Ragam,Megam Karukuthu,,Ilayaraja,
1982,Sivakumar,Anandha Ragam,Oru Raagam,,Ilayaraja,
1982,,Kadhal Oviyam,Naatham En Jeevane,,Ilayaraja,Bharathiraja
1982,,Kadhal Oviyam,Nathiyil Aadum,,Ilayaraja,Bharathiraja
1982,,Kadhal Oviyam,Poovil Vandu,,Ilayaraja,Bharathiraja
1982,,Kadhal Oviyam,Sangeetha Jathimullai,,Ilayaraja,Bharathiraja
1983,,Aanandha Kummi,Oru Kili Urugudhu,,Ilayaraja,
1983,,Mann Vasanai,Poththi Vachcha,,Ilayaraja,Bharathiraja
1983,,Indru Nee Nalai Naan,Ponvaanam Panner Thoovudhu,,Ilayaraja,
1983,,Mundhanai Mudichu,Kanna Thorakanum,,Ilayaraja,K Bhagyaraj
1983,,Malaiyoor Mambattiyan,Chinna Ponnu Selai,,Ilayaraja,
1983,,Oru Odai Nadhiyagirathu,Thalayai Kuniyum Thamaraye,,Ilayaraja,CV Sridhar
1984,,Ingeyum Oru Gangai ,Solai Pushpangale,,Ilayaraja,Manivannan
1984,,Neengal Ketavai,Adiye Manam Nilluna,,Ilayaraja,Balu Mahendra
1984,,Neengal Ketavai,Pillai Nila,,Ilayaraja,Balu Mahendra
1985,Sivaji,Muthal Mariyadhai,Antha Nilava Thaan,,Ilayaraja,Bharathiraja
1985,Sivaji,Muthal Mariyadhai,Poongatru Thirumbuma,,Ilayaraja,Bharathiraja
1985,Sivaji,Muthal Mariyadhai,Vetti Veru Vasam,,Ilayaraja,Bharathiraja
1985,Sivakumar,Sindhu Bhairavi,Poomalai Vaangi Vandhen,,Ilayaraja,Balachander
1985,Sivakumar,Sindhu Bhairavi,Naan Oru Sindhu,,Ilayaraja,Balachander
1985,Sivakumar,Sindhu Bhairavi,Thanni Thotti Thedi Vantha,,Ilayaraja,Balachander
1985,Sivakumar,Sindhu Bhairavi,Paadariyen,,Ilayaraja,Balachander
1985,,Aan Paavam,Kadhal Kasakuthaiya,,Ilayaraja,
1985,Murali,Geethanjali,Thulli Ezhunthathu,,Ilayaraja,K Rangaraj
1985,Murali,Geethanjali,Oru Jeevan,,Ilayaraja,K Rangaraj
1985,Murali,Pagal Nilavu,Poo Maalaye,,Ilayaraja,Mani Ratnam
1985,,Poove Poochooda Vaa,Chinna Kuyil Paadum Pattu,,Ilayaraja,Fazil
1985,,Poove Poochooda Vaa,Poovae Poochudava,,Ilayaraja,Fazil
1986,Sathyaraj,Kadalora Kavithaigal,Adi Aathadi,,Ilayaraja,Bharathiraja
1986,Sathyaraj,Kadalora Kavithaigal,Kodiyile Malliyapoo,,Ilayaraja,Bharathiraja
1987,Ramarajan,Enga Ooru Paatukaran,Shenbagame Shenbagame,,Ilayaraja,Gangai Amaran
1987,Ramarajan,Enga Ooru Paatukaran,Madurai Marikozhunthu Vaasam,,Ilayaraja,Gangai Amaran
1988,Ramarajan,Raasave Unna Nambi,Raasathi Manasule,,Ilayaraja,
1988,Ramarajan,Enga Ooru Kavakkaran,Arumbagi,,Ilayaraja,
1989,,Pudhu Pudhu Arthangal,Guruvayurappa,,Ilayaraja,K Balachander
1989,,Pudhu Pudhu Arthangal,Kalyana Maalai,,Ilayaraja,K Balachander
1989,,Pudhu Pudhu Arthangal,Keladi Kanmani,,Ilayaraja,K Balachander
1989,,Idhayathai Thirudathe,O Priya Priya,,Ilayaraja,Mani Ratnam
1989,,Idhayathai Thirudathe,O Papa Lali,,Ilayaraja,Mani Ratnam
1989,,Idhayathai Thirudathe,Om Namaha,,Ilayaraja,Mani Ratnam
1989,Ramarajan,Karakattakkaran,Indha Maan,,Ilayaraja,Gangai Amaran
1989,Ramarajan,Karakattakkaran,Kudagu Malai,,Ilayaraja,Gangai Amaran
1989,Ramarajan,Karakattakkaran,Maanguyilae,,Ilayaraja,Gangai Amaran
1989,Ramarajan,Karakattakkaran,Mundhi Mundhi,,Ilayaraja,Gangai Amaran
1989,Ramarajan,Karakattakkaran,Ooruvittu Ooruvandhu,,Ilayaraja,Gangai Amaran
1990,,Keladi Kanmani,Karpoora Bommai,,Ilayaraja,Vasanth
1990,,Keladi Kanmani,Mannil Indha Kaadhal,,Ilayaraja,
1990,,Keladi Kanmani,Nee Paathi Naan Paathi,,Ilayaraja,
1990,Prabhu,Arangetra Velai ,Aagaya Vennilave,,Ilayaraja,Fazil
1990,,Mounam Sammadham,Kalyana Then Nila,,Ilayaraja,
1990,Ramarajan,Ooru Vittu Ooru Vanthu,Sorgame Endralum,,Ilayaraja,Gangai Amaran
1991,,Eeramana Rojave,Adho Mega Oorvalam,,Ilayaraja,
1991,,En Rasavin Manasile,Kuyil Paatu ,,Ilayaraja,
1991,,En Rasavin Manasile,Poda Poda Punnaakku,,Ilayaraja,
1991,,En Rasavin Manasile,Penn Manasu Aalam Endru,,Ilayaraja,
1991,Murali,Idhayam,Pottu Vaitha Oru Vatta Nila,,Ilayaraja,Kathir
1991,Murali,Idhayam,Idhayame Idhayame,,Ilayaraja,Kathir
1991,Prabhu,Chinna Thambi,Thooliyile Ada Vantha,,Ilayaraja,P Vasu
1991,Prabhu,Chinna Thambi,Poovoma Oorgolam,,Ilayaraja,P Vasu
1991,Prabhu,Chinna Thambi,Arachcha Santhanam,,Ilayaraja,P Vasu
1991,Sathyaraj,Bramma,Varuthu Varuthu,,Ilayaraja,
1991,,Pudhu Nellu Pudhu Naathu,Karutha Machan,,Ilayaraja,
1992,Sathyaraj,Rickshaw Mama,Vaigai Nathioram,,Ilayaraja,P Vasu
1992,Sathyaraj,Rickshaw Mama,Thanga Nilavukkul,,Ilayaraja,P Vasu
1992,Murali,Chinna Pasanga Naanga,Enna Maanamulla Ponnu,,Ilayaraja,
1992,Prashanth,Chembaruthi,Nila Kaayum Neram Charanam,,Ilayaraja,
1992,Prabhu,Chinnavar,Andhiyile Vaanam,,Ilayaraja,Gangai Amaran
1992,,Aavarampoo,Aalolam Paadi,,Ilayaraja,
1992,Vikram,Meera,O Butterfly,,Ilayaraja,
1992,Vikram,Meera,Pudhu Routeladan,,Ilayaraja,
1993,,Aranmanai Kili,Adi Poonguyile,,Ilayaraja,
1993,,Marupadiyum,Aasai Athigam ,,Ilayaraja,Balu Mahendra
1993,,Marupadiyum,Nalam Vaazha,,Ilayaraja,Balu Mahendra
1993,Prabhu,Sinna Mapplai,Kadhorum Lolakku,,Ilayaraja,
1993,Sathyaraj,Udan Pirappu,Nandri Sollave Unaku ,,Ilayaraja,P Vasu
1993,,Valli,Ennule Ennule,,Ilayaraja,
1993,Prabhu,Uthama Raasa,Indha Maamanoda Manasu,,Ilayaraja,
1994,,Sakthivel,Malliga Mottu,,Ilayaraja,KS Ravikumar
1994,Prabhu,Rajakumaran,Ennavendru Solvathamma,,Ilayaraja,RV Udayakumar
1994,Prabhu,Rajakumaran,Pottu Vachathu Yaaru,,Ilayaraja,RV Udayakumar
1995,,Avatharam,Thendral Vanthu Thendumbodhu,,Ilayaraja,
1996,Sivakumar,Nattupura Pattu,Oththa Roova,,Ilayaraja,
1997,Vijay,Kadhaliku Mariyadhai,Ennai Thaalata Varuvalo,,Ilayaraja,Fazil
1999,Prabhu,Kummi Paatu,Aaasai Machan,,Ilayaraja,
2001,Vikram,Kasi,En Mana Vaanil,,Ilayaraja,
2002,,Azhagi,Oliyile Therivadhu Devadhaya,,Ilayaraja,
2002,,Azhagi,Un Kuthama En Kuthama,,Ilayaraja,
2003,Vikram,Pithamagan,Elangaathu Veesudhey,,Ilayaraja,
2003,Vikram,Pithamagan,Piraye Piraye,,Ilayaraja,
2005,,Oru Naal Oru Kanavu,Kaatril Varum Geethame,,Ilayaraja,Fazil
2009,,Naan Kadavul,Om Sivoham,,Ilayaraja,
2009,,Naan Kadavul,Pitchai Paathiram,,Ilayaraja,
2012,,Neethaane En Ponvasantham,Saayndhu Saayndhu,,Ilayaraja,
2012,,Neethaane En Ponvasantham,Kaatrai Konjam,,Ilayaraja,
2012,,Neethaane En Ponvasantham,Satru Munbu,,Ilayaraja,
2020,,Psycho,Unna Nenachu,,Ilayaraja,
2023,,Viduthalai,Kaattumalli,,Ilayaraja,
1992,Arvind Swamy,Roja,Rukkumani Rukkumani,"SPB, Chitra",AR Rahman,Mani Ratnam
1992,Arvind Swamy,Roja,Pudhu Vellai Mazhai,"Unni Menon, Sujatha Mohan",AR Rahman,Mani Ratnam
1992,Arvind Swamy,Roja,Kadhal Rojave,"SPB, Sujatha Mohan",AR Rahman,Mani Ratnam
1992,Arvind Swamy,Roja,Thamizha Thamizha,Hariharan,AR Rahman,Mani Ratnam
1992,Arvind Swamy,Roja,Chinna Chinna Aasai,Minmini,AR Rahman,Mani Ratnam
1993,,Pudhiya Mugam,Netru Iladha Matram,Sujatha Mohan,AR Rahman,
1993,,Pudhiya Mugam,Kannuku Mai Azhagu,Unni Menon,AR Rahman,
1993,,Pudhiya Mugam,July Matham,"SPB, Anupama",AR Rahman,
1993,Arjun,Gentleman,En Veetu Thotathil,"SPB, Sujatha Mohan",AR Rahman,Shankar
1993,Arjun,Gentleman,Usalampatti Penkutti,"Shahul Hameed, Swarnalatha",AR Rahman,Shankar
1993,Arjun,Gentleman,Chikku Bukku,Suresh Peters,AR Rahman,Shankar
1993,Arjun,Gentleman,Ottagathai Kattiko,"SPB, S Janaki, Sujatha Mohan",AR Rahman,Shankar
1993,,Kizhaku Cheemayile,Aathangara Marame,"Mano, Sujatha Mohan",AR Rahman,Bharathiraja
1993,,Kizhaku Cheemayile,Then Kizhaku Cheemayile,"Chitra, Malaysia Vasudevan",AR Rahman,Bharathiraja
1993,,Kizhaku Cheemayile,Maanooththu Manthaiyile,"SPB, Sasirekha",AR Rahman,
1993,,Kizhaku Cheemayile,Edhuku Pondati,"Shahul Hameed, TK Kala",AR Rahman,
1993,Prabhu,Uzhavan,Pennala Pennala,SPB,AR Rahman,Kathir
1993,Prashanth,Thiruda Thiruda,Veerapandi Kotayile,"Chitra, Mano, Unni Menon",AR Rahman,Mani Ratnam
1993,Prashanth,Thiruda Thiruda,Chandralekha,"Anupama, Suresh Peters",AR Rahman,Mani Ratnam
1993,Prashanth,Thiruda Thiruda,Rasathi,"Shahul Hameed, Sujatha Mohan",AR Rahman,Mani Ratnam
1993,Prashanth,Thiruda Thiruda,Putham Pudhu Boomi,"Chitra,Mano",AR Rahman,Mani Ratnam
1993,Prashanth,Thiruda Thiruda,Thee Thee,"Caroline, Noel James",AR Rahman,Mani Ratnam
1993,Prashanth,Thiruda Thiruda,Kannum Kannum,Mano,AR Rahman,Mani Ratnam
1994,Sathyaraj,Vandicholai Chinrasu,Senthamizh Naatu Thamizhachiye,Shahul Hameed,AR Rahman,
1994,Sathyaraj,Vandicholai Chinrasu,Chitthirai Nilavu,"Jayachandran, Minmini",AR Rahman,
1994,Prabhu,Duet,Anjali Anjali,"SPB, Chitra",AR Rahman,K Balachander
1994,Prabhu,Duet,Vennilavin Theril,KJ Yesudas,AR Rahman,K Balachander
1994,Prabhu,Duet,Mettupodu Mettupodu,"SPB, P Susheela",AR Rahman,K Balachander
1994,Prabhu,Duet,En Kadhale,SPB,AR Rahman,K Balachander
1994,Prabhu,Duet,Kulicha Kuthalam,"SPB, TK Kala",AR Rahman,K Balachander
1994,Prabhu,Duet,Naan Paadum Sandham,SPB,AR Rahman,K Balachander
1994,,May Madham,Margazhi Poove,Shobha Shankar,AR Rahman,
1994,,May Madham,Minnale Nee,SPB,AR Rahman,
1994,,May Madham,En Mel Vizhunda,"Jayachandran, Chitra",AR Rahman,
1994,,Kadhalan,Ennavale Adi Ennavale,Unni Krishnan ,AR Rahman,Shankar
1994,,Kadhalan,Mukkala Mukkabala,"Mano, Swarnalatha",AR Rahman,Shankar
1994,,Kadhalan,Kadhalikum Penin,"SPB, Udit Narayan",AR Rahman,Shankar
1994,,Kadhalan,Urvashi Urvashi,"ARR ,Suresh Peters, Shahul Hameed",AR Rahman,Shankar
1994,,Pavitra,Uyirum Neeyae,Unni Krishnan ,AR Rahman,
1994,,Karuthamma,Themerku Paruva Kaatru,"Unni Krishnan, Chitra",AR Rahman,Bharathiraja
1994,,Karuthamma,Poralee Ponnuthayi,"Unni Menon, Sujatha Mohan",AR Rahman,Bharathiraja
1994,Vikram,Pudhiya Mannargal,Eduda Antha Sooriya,"SPB, Minmini",AR Rahman,
1994,Vikram,Pudhiya Mannargal,Nee Kattum Selai,"Sujatha Mohan, TL Maharajan",AR Rahman,
1995,Arvind Swamy,Bombay,Hamma Hamma,"ARR, Remo Fernandes, Swarnalatha",AR Rahman,Mani Ratnam
1995,Arvind Swamy,Bombay,Kannalane,Chitra,AR Rahman,Mani Ratnam
1995,Arvind Swamy,Bombay,Uyire Uyire,"Hariharan, Chitra",AR Rahman,Mani Ratnam
1995,Arvind Swamy,Bombay,Kuchi Kuchi,"Hariharan, Swarnalatha",AR Rahman,Mani Ratnam
1995,Arvind Swamy,Bombay,Poovukena Pootu,"Noel James, Anupama,Malgudi Subha",AR Rahman,Mani Ratnam
1995,Arvind Swamy,Indira,Nila Kaikiradhu,"Harini, Hariharan",AR Rahman,
1995,Arvind Swamy,Indira,Odakara Marimuthu,"SPB, Sirkazhi Jr",AR Rahman,
1995,Arvind Swamy,Indira,Thoda Thoda,"SPB, Chitra",AR Rahman,
1996,,Love Birds,Malargaley,"Chitra, Hariharan",AR Rahman,P Vasu
1996,,Kadhal Desam,Ennai Kanavilaye,"SPB, OS Arun",AR Rahman,Kathir
1996,,Kadhal Desam,Mustafa Mustafa,ARR,AR Rahman,Kathir
1996,,Mr Romeo,Romeo Aatam Potal,"Hariharan, Udit Narayan",AR Rahman,
1997,Arvind Swamy,Minsara Kanavu,Poo Pookum Osai,"Sujatha Mohan, Malaysia Vasudevan",AR Rahman,Rajiv Menon
1997,Arvind Swamy,Minsara Kanavu,Mana Madurai,"Unni Menon, Chitra, Srinivas",AR Rahman,Rajiv Menon
1997,Arvind Swamy,Minsara Kanavu,Thanga Thamarai,"SPB, Malgudi Subha",AR Rahman,Rajiv Menon
1997,Arvind Swamy,Minsara Kanavu,Strawberry Kannae,"KK, Febi Mani",AR Rahman,Rajiv Menon
1997,Arvind Swamy,Minsara Kanavu,Vennilave Vennilave,"Hariharan, Sadhana Sargam",AR Rahman,Rajiv Menon
1997,,Iruvar,Hello Mister Edhirkatchi,Harini,AR Rahman,Mani Ratnam
1997,,Iruvar,Narumugaye,"Unni Krishnan, Bombay Jayashri",AR Rahman,Mani Ratnam
1997,,Iruvar,Kannai Kattikolathey,Hariharan,AR Rahman,Mani Ratnam
1997,,Ratchagan,Soniya Soniya,"Udit Narayan, Unni Krishnan",AR Rahman,Praveen Gandhi
1997,,Ratchagan,Chandiranai Thottathu Yaar,"Hariharan, Sujatha Mohan",AR Rahman,Praveen Gandhi
1998,Prashanth,Jeans,Enakke Enakka,Unni Krishnan,AR Rahman,Shankar
1998,Prashanth,Jeans,Columbus Columbus,ARR,AR Rahman,Shankar
1998,Prashanth,Jeans,Poovukul Olinthirukum,"Unni Krishnan, Sujatha Mohan",AR Rahman,Shankar
1998,Prashanth,Jeans,Kannodu Kanbadhellam,Nithyasree,AR Rahman,Shankar
1998,Prashanth,Jeans,Varayo Thozhi,"Shahul Hameed, Harini",AR Rahman,Shankar
1998,Prashanth,Jeans,Anbe Anbe,"Hariharan, Anuradha Sriram",AR Rahman,Shankar
1998,,Uyire,Poongatrile Un Swasathai,"Unni Menon, Swarnalatha",AR Rahman,Mani Ratnam
1998,,Uyire,Ennuyire Ennuyire,"Kavitha, Srinivas, Sujatha",AR Rahman,Mani Ratnam
1998,,Uyire,Nenjinile Nenjinile,"S Janaki, MG Sreekumar",AR Rahman,Mani Ratnam
1998,,Uyire,Sandhosa Kannere,"ARR, Anuradha Sriram, Febi Mani",AR Rahman,Mani Ratnam
1998,,Uyire,Thaiyya Thaiyya,Sukhwinder Singh,AR Rahman,Mani Ratnam
1999,Arvind Swamy,En Swasa Katre,Jumbalakka,Rafee,AR Rahman,
1999,,Kadhalar Dhinam,Daandiya Aatamumaada,"Kavitha, Unni Menon, MG Sreekumar",AR Rahman,Kathir
1999,,Kadhalar Dhinam,Enna Vilai Azhage,Unni Menon,AR Rahman,Kathir
1999,,Kadhalar Dhinam,Kadhalenum Thervezhudhi,"SPB, Swarnalatha",AR Rahman,Kathir
1999,,Kadhalar Dhinam,Roja Roja,Unni Krishnan,AR Rahman,Kathir
1999,,Sangamam,Mazhai Thuli,"Hariharan, MSV",AR Rahman,Suresh Krishna
1999,,Sangamam,Varaha Nadhikarai,Shankar Mahadevan,AR Rahman,Suresh Krishna
1999,,Sangamam,Sowkiyama Kanne,Nithyasree,AR Rahman,Suresh Krishna
1999,,Sangamam,Mudhal Murai Killi Parthen,"Srinivas, Sujatha Mohan",AR Rahman,Suresh Krishna
1999,,Sangamam,Margazhi Thingal Allava,"S Janaki, Unni Krishnan",AR Rahman,Suresh Krishna
1999,,Thaalam,Thaalathil,"Sukhwinder Singh, SPB",AR Rahman,
1999,Prashanth,Jodi,Velli Malare,"SPB, Mahalakshmi Iyer",AR Rahman,Praveen Gandhi
1999,Prashanth,Jodi,Oru Poiyavadhu,Hariharan,AR Rahman,Praveen Gandhi
1999,Prashanth,Jodi,Kadhal Kaditham,"S Janaki, Unni Menon",AR Rahman,Praveen Gandhi
1999,Arjun,Mudhalvan,Kurukku Sirithavale,"Hariharan, Mahalakshmi Iyer",AR Rahman,Shankar
1999,Arjun,Mudhalvan,Uppu Karuvadu,"Shankar Mahadevan, Kavitha",AR Rahman,Shankar
1999,Arjun,Mudhalvan,Ulundhu Vithakkayilae,"Srinivas, Swarnalatha",AR Rahman,Shankar
1999,,Taj Mahal,Thirupaachi Aruvalu,"Kalpana, Clinton, Palakkad Sreeram",AR Rahman,Bharathiraja
1999,,Taj Mahal,Sotta Sotta,"Srinivas, Sujatha Mohan",AR Rahman,Bharathiraja
1999,,Taj Mahal,Kulirudhu Kulirudhu,"Unni Krishnan, Swarnalatha",AR Rahman,Bharathiraja
2000,Madhavan,Alaipayuthey,September Madham,"Asha Bhosle, Shankar Mahadevan",AR Rahman,Mani Ratnam
2000,Madhavan,Alaipayuthey,Kadhal Sadugudu,SP Charan,AR Rahman,Mani Ratnam
2000,Madhavan,Alaipayuthey,Snehidhane Snehidhane,"Sadhana Sargam, Srinivas",AR Rahman,Mani Ratnam
2000,Madhavan,Alaipayuthey,Maangalyam,"Clinton, Srinivas, ARR",AR Rahman,Mani Ratnam
2000,Madhavan,Alaipayuthey,Yaaro Yaarodi,Mahalakshmi Iyer,AR Rahman,Mani Ratnam
2000,Madhavan,Alaipayuthey,Endrendum Punnagai,"Clinton, Srinivas, Shankar Mahadevan",AR Rahman,Mani Ratnam
2000,Madhavan,Alaipayuthey,Evano Oruvan,Swarnalatha,AR Rahman,Mani Ratnam
2000,Madhavan,Alaipayuthey,Pachai Nirame,"Hariharam, Clinton",AR Rahman,Mani Ratnam
2000,Ajith,Kandukondain Kandukondain,Kandukondain Kandukondain,"Hariharan, Mahalakshmi Iyer",AR Rahman,Rajiv Menon
2000,Ajith,Kandukondain Kandukondain,Enna Solla Pogirai,Shankar Mahadevan,AR Rahman,Rajiv Menon
2000,Ajith,Kandukondain Kandukondain,Kannanmoochi Yenada,Chitra,AR Rahman,Rajiv Menon
2000,Ajith,Kandukondain Kandukondain,Engae Enathu Kavithai,"Chitra, Srinivas",AR Rahman,Rajiv Menon
2000,Arjun,Rhythm,Kaatre En Vaasal,"Kavitha, Unni Krishnan",AR Rahman,Vasanth
2000,Arjun,Rhythm,Nadhiye Nadhiye,Unni Menon,AR Rahman,Vasanth
2000,Arjun,Rhythm,Thaniye Thannanthaniye,Shankar Mahadevan,AR Rahman,Vasanth
2001,Prashanth,Star,Thom Karuvil Irundhom,Shankar Mahadevan,AR Rahman,Praveen Gandhi
2002,Madhavan,Kannathil Muthamittal,Vellai Pookal,ARR,AR Rahman,Mani Ratnam
2002,Madhavan,Kannathil Muthamittal,Vida Kodu Engal Naadae,"MSV, Febi Mani",AR Rahman,Mani Ratnam
2002,Madhavan,Kannathil Muthamittal,Kannathil Muthamittal,"Jayachandran, Chinmayi",AR Rahman,Mani Ratnam
2003,,Boys,Girlfriend,"Karthik, Tippu",AR Rahman,Shankar
2003,,Enakku 20 Unaku 18,Sandhippoma,"Unni Menon, Anupama",AR Rahman,
2004,Suriya,Aayudha Ezhuthu,Hey Goodbye Nanba,"Sunitha, Shankar Mahadevan",AR Rahman,Mani Ratnam
2004,Suriya,Aayudha Ezhuthu,Sandakkozhi,"Madhushree, ARR",AR Rahman,Mani Ratnam
2004,Suriya,Aayudha Ezhuthu,Nenjam Ellam,"Adnan Sami, Sujatha Mohan",AR Rahman,Mani Ratnam
2004,Suriya,Aayudha Ezhuthu,Yaakai Thiri,"Sunitha, ARR",AR Rahman,Mani Ratnam
2004,Suriya,Aayudha Ezhuthu,Jana Gana Mana,"ARR, Karthik",AR Rahman,Mani Ratnam
2004,,New,Kalayil Thinamum,"Unni Krishnan, Sadhana Sargam",AR Rahman,
2005,,Anbe Aaruyire,Aararai Kodi,ARR,AR Rahman,
2005,,Anbe Aaruyire,Mayiliragae,"Naresh Iyer, Madhushree",AR Rahman,
2006,Suriya ,Sillunu Oru Kadhal,Kummi Adi,"Sirkazhi Jr, Swarnalatha, Naresh Iyer",AR Rahman,Krishna
2006,Suriya ,Sillunu Oru Kadhal,New York Nagaram,ARR,AR Rahman,Krishna
2006,Suriya ,Sillunu Oru Kadhal,Munbe Vaa,"Shreya Ghoshal, Naresh Iyer",AR Rahman,Krishna
2006,Suriya ,Sillunu Oru Kadhal,Jillunu Oru Kadhal,"Tanvi Shah, Bhargavi Pillai",AR Rahman,Krishna
2007,,Guru,Aaruyire,"ARR, Chinmayi",AR Rahman,Mani Ratnam
2007,,Guru,Mayya Mayya,Chinmayi,AR Rahman,Mani Ratnam
2007,,Guru,Ey Maanburu Mangaiye,"Srinivas, Sujatha Mohan",AR Rahman,Mani Ratnam
2007,,Guru,Nanare,Shreya Ghoshal ,AR Rahman,Mani Ratnam
2007,Vijay,Azhagiya Tamil Magan,Ella Pugazhum,ARR,AR Rahman,
2007,Vijay,Azhagiya Tamil Magan,Ponmagal Vandhal,Mohammed Aslam,AR Rahman,
2007,Vijay,Azhagiya Tamil Magan,Valayapatti Thavile,Naresh Iyer,AR Rahman,
2007,Vijay,Azhagiya Tamil Magan,Maduraiku Pogathadee,Benny Dayal,AR Rahman,
2008,,Jodha Akbar,Muzhumathi,Srinivas,AR Rahman,
2008,,Sakkarakatti,Marudaani,"Madhushree, ARR",AR Rahman,
2010,Simbu,Vinnaithaandi Varuvaayaa,Omana Penne,"Benny Dayal, Kalyani Menon",AR Rahman,Gautham Menon
2010,Simbu,Vinnaithaandi Varuvaayaa,Anbil Avan,"Devan, Chinmayi",AR Rahman,Gautham Menon
2010,Simbu,Vinnaithaandi Varuvaayaa,Kannukul Kannai,Naresh Iyer,AR Rahman,Gautham Menon
2010,Simbu,Vinnaithaandi Varuvaayaa,Mannipaaya,"ARR, Shreya Ghoshal",AR Rahman,Gautham Menon
2010,Simbu,Vinnaithaandi Varuvaayaa,Aaromale,Alphons Joseph,AR Rahman,Gautham Menon
2010,Simbu,Vinnaithaandi Varuvaayaa,Hosanna,"Vijay Prakash, Suzanne, Blazze",AR Rahman,Gautham Menon
2010,Simbu,Vinnaithaandi Varuvaayaa,Vinnaithaandi Varuvaayaa,Karthik,AR Rahman,Gautham Menon
2010,Vikram,Raavanan,Usure Pogudhey,Karthik,AR Rahman,Mani Ratnam
2010,Vikram,Raavanan,Kodu Poatta,Benny Dayal,AR Rahman,Mani Ratnam
2010,Vikram,Raavanan,Kaatu Sirukki,"Shankar Mahadevan, Anuradha Sriram",AR Rahman,Mani Ratnam
2010,Vikram,Raavanan,Kalvare,Shreya Ghoshal,AR Rahman,Mani Ratnam
2013,,Kadal,Nenjukkule,Shakthisree,AR Rahman,Mani Ratnam
2013,,Kadal,Moongil Thotam,Abhay Jodhpurkar,AR Rahman,Mani Ratnam
2013,,Kadal,Adiye,Sid Sriram,AR Rahman,Mani Ratnam
2013,,Kadal,Elay Keechan,ARR,AR Rahman,Mani Ratnam
2013,,Kadal,Magudi Magudi,"Aarya Dinesh, Chinmayi",AR Rahman,Mani Ratnam
2013,,Kadal,Chithirai Nela,Vijay Yesudas,AR Rahman,Mani Ratnam
2013,Dhanush,Maryan,Nenjae Yezhu,ARR,AR Rahman,
2013,Dhanush,Maryan,Innum Konja Neram,"Vijay Prakash, Swetha Mohan",AR Rahman,
2013,Dhanush,Maryan,Naetru Aval Irundhal,"Vijay Prakash, Chinmayi",AR Rahman,
2013,Dhanush,Maryan,Sonnapareeya,"Javed Ali, Haricharan",AR Rahman,
2013,Dhanush,Maryan,Kadal Raasa Naan,Yuvan,AR Rahman,
2014,,Kaaviya Thalaivan,Vaanga Makka Vaanga,Haricharan,AR Rahman,
2014,,Kaaviya Thalaivan,Yaarumilla,"Swetha Mohan, Srinivas",AR Rahman,
2015,Vikram,I,Mersalaayitten,"Anirudh, Neeti Mohan",AR Rahman,Shankar
2015,Vikram,I,Ennodu Nee Irndhaal,"Sid Sriram, Sunitha",AR Rahman,Shankar
2015,Vikram,I,Pookale Sattru Oyivedungal,"Haricharan, Shreya Ghoshal",AR Rahman,Shankar
2015,,OK Kanmani,Aye Sinamika,Karthik,AR Rahman,Mani Ratnam
2015,,OK Kanmani,Naane Varugiren,"Shashaa, Sathyaprakash",AR Rahman,Mani Ratnam
2015,,OK Kanmani,Kaara Attakkaaraa,"Aarya Dinesh, Shashaa",AR Rahman,Mani Ratnam
2015,,OK Kanmani,Paranthu Sella Vaa,"Karthik, Shashaa",AR Rahman,Mani Ratnam
2015,,OK Kanmani,Mental Manadhil,"ARR, Jonita ",AR Rahman,Mani Ratnam
2015,,OK Kanmani,Malargal Keten,"Chitra, ARR",AR Rahman,Mani Ratnam
2015,,OK Kanmani,Maula Wa Salim,AR Ameen,AR Rahman,Mani Ratnam
2016,Simbu,AYM,Showkali,"Aditya Rao, Dinesh",AR Rahman,Gautham Menon
2016,Simbu,AYM,Idhu Naal,"Aditya Rao, Jonita ",AR Rahman,Gautham Menon
2016,Simbu,AYM,Rasaali,"Sathyaprakash, Shashaa",AR Rahman,Gautham Menon
2016,Simbu,AYM,Avalum Naanum,Vijay Yesudas,AR Rahman,Gautham Menon
2016,Simbu,AYM,Thalli Pogadhey,"Sid Sriram, Dinesh",AR Rahman,Gautham Menon
2017,Karthi,Kaatru Veliyidai,Nallai Allai,"Sathyaprakash, Chinmayi",AR Rahman,Mani Ratnam
2017,Karthi,Kaatru Veliyidai,Azhagiye,"Arjun Chandy, Haricharan, Jonita",AR Rahman,Mani Ratnam
2017,Karthi,Kaatru Veliyidai,Vaan Varuvaan,Shashaa,AR Rahman,Mani Ratnam
2017,Karthi,Kaatru Veliyidai,Saarattu Vandiyile,"ARR, Nikhita, Tippu",AR Rahman,Mani Ratnam
2017,Karthi,Kaatru Veliyidai,Tango Kelayo,"Haricharan, Diwakar",AR Rahman,Mani Ratnam
2017,Vijay,Mersal,Aalaporaan Thamizhan,"Kailash Kher, Sathyaprakash",AR Rahman,
2017,Vijay,Mersal,Neethane ,"Shreya Ghoshal, ARR",AR Rahman,
2017,Vijay,Mersal,Mersal Arasan,"GV Prakash, Naresh Iyer, Sharanya",AR Rahman,
2018,,CCV,Sevandhu Pochu Nenju,"Arjun Chandy, Sathyaprakash, Sunitha",AR Rahman,Mani Ratnam
2018,,CCV,Bhoomi Bhoomi,Shakthisree,AR Rahman,Mani Ratnam
2018,,CCV,Mazhai Kuruvi,ARR,AR Rahman,Mani Ratnam
2018,,CCV,Hayati,"Shiv, Mayssa Karaa",AR Rahman,Mani Ratnam
2018,Vijay,Sarkar,Simtaangaran,Bamba Bakya,AR Rahman,AR Murugadoss
2018,Vijay,Sarkar,Oru Viral Puratchi,ARR,AR Rahman,AR Murugadoss
2019,,Sarvam Thala Mayam,Sarvam Thala Mayam,"Haricharan, Arjun Chandy",AR Rahman,Rajiv Menon
2019,,Sarvam Thala Mayam,Varalaama,Sriram Parthasarathy,AR Rahman,Rajiv Menon
2019,Vijay,Bigil,Unakaga,"Sreekanth, Madhura",AR Rahman,
2022,Vikram,Cobra,Thumbi Thullai,"Shreya Ghoshal, Nakul Abhyankar",AR Rahman,
2022,Vikram,Cobra,Adheera,Vagu Mazan,AR Rahman,
2022,Vikram,Cobra,Uyir Urugudhey,"ARR, Sreekanth",AR Rahman,
2022,Simbu,VTK,Kaalathukum Nee Venum,"Rakshita Suresh, Simbu",AR Rahman,Gautham Menon
2022,Simbu,VTK,Marakuma Nenjam,ARR,AR Rahman,Gautham Menon
2022,Simbu,VTK,Mallipoo,Madhushree ,AR Rahman,Gautham Menon
2022,"Vikram,Karthi",Ponniyin Selvan: I,Ponni Nadhi,"ARR, Bamba Bakya",AR Rahman,Mani Ratnam
2022,"Vikram,Karthi",Ponniyin Selvan: I,Chola Chola,"Sathyaprakash, Nakul Abhyankar",AR Rahman,Mani Ratnam
2022,"Vikram,Karthi",Ponniyin Selvan: I,Ratchasa Maamaney,"Shreya Ghoshal, Palakkad Sreeram",AR Rahman,Mani Ratnam
2022,"Vikram,Karthi",Ponniyin Selvan: I,Alaikadal,Antara Nandy,AR Rahman,Mani Ratnam
2022,"Vikram,Karthi",Ponniyin Selvan: I,Devaralan Aatam,Yogi Sekar,AR Rahman,Mani Ratnam
2022,"Vikram,Karthi",Ponniyin Selvan: I,Sol,Rakshita Suresh,AR Rahman,Mani Ratnam
2023,Simbu,Pathu Thala,Namma Satham,"ARR, Yogi Sekar",AR Rahman,Krishna
2023,Simbu,Pathu Thala,Ninaivirukka,"AR Ameen, Shakthisree",AR Rahman,Krishna
2023,Simbu,Pathu Thala,Nee Singam Dhan,Sid Sriram,AR Rahman,Krishna
2023,Simbu,Pathu Thala,Raawadi,"Shuba, Nivas",AR Rahman,Krishna
2023,Simbu,Pathu Thala,Osarattum Pathu Thala,"Sreekanth, Sathyaprakash, Deepthi",AR Rahman,Krishna
2023,"Vikram,Karthi",Ponniyin Selvan: II,Aga Naga,Shakthisree,AR Rahman,Mani Ratnam
2023,"Vikram,Karthi",Ponniyin Selvan: II,Veera Raja Veera,"Shankar Mahadevan, Chitra,Harini",AR Rahman,Mani Ratnam
2023,"Vikram,Karthi",Ponniyin Selvan: II,Chinnanjiru Nilave,Haricharan,AR Rahman,Mani Ratnam
2023,,Maamannan,Raasa Kannu,Vadivelu,AR Rahman,
2023,,Maamannan,Jigu Jigu Rail,ARR,AR Rahman,
2023,,Maamannan,Kodi Parakura Kaalam,"Kalpana, Rakshita Suresh",AR Rahman,
2023,,Maamannan,Nenjame Nenjame,"Vijay Yesudas, Shakthisree",AR Rahman,
2001,Madhavan,Minnale,Azhagiya Theeye,,Harris,Gautham Menon
2001,Madhavan,Minnale,Ore Nyabagam,,Harris,Gautham Menon
2001,Madhavan,Minnale,Maddy Maddy,,Harris,Gautham Menon
2001,Madhavan,Minnale,Vaseegara,,Harris,Gautham Menon
2001,Madhavan,Minnale,Poopol Poopol,,Harris,Gautham Menon
2001,Madhavan,Minnale,Venmathi Venmathiye,,Harris,Gautham Menon
2001,Madhavan,Minnale,Ivan Yaaro,,Harris,Gautham Menon
2001,,Majunu,Mudhal Kanave,,Harris,
2001,,Majunu,Mercury Mele,,Harris,
2001,Shaam,12B,Oru Punnagai Poove,,Harris,Jeeva
2001,Shaam,12B,Jothi Neranjava,,Harris,Jeeva
2002,Vikram,Samurai,Moongil Kaadugale,,Harris,
2003,Shaam,Lesa Lesa,Aval Ulagazhagi,,Harris,
2003,Shaam,Lesa Lesa,Lesa Lesa,,Harris,
2003,Vikram,Saamy,Thirunelveli Halwada,,Harris,Hari
2003,Vikram,Saamy,Idhuthaanaa,,Harris,Hari
2003,Suriya,Kaakha Kaakha,Ennai Konjam,,Harris,Gautham Menon
2003,Suriya,Kaakha Kaakha,Ondra Renda,,Harris,Gautham Menon
2003,Suriya,Kaakha Kaakha,Oru Ooril,,Harris,Gautham Menon
2003,Suriya,Kaakha Kaakha,Thoodhu Varuma,,Harris,Gautham Menon
2003,Suriya,Kaakha Kaakha,Uyirin Uyire,,Harris,Gautham Menon
2005,Vikram,Anniyan,Kannum Kannum,,Harris,Shankar
2005,Vikram,Anniyan,Kadhal Yaanai,,Harris,Shankar
2005,Vikram,Anniyan,O Sukumari,,Harris,Shankar
2005,Vikram,Anniyan,Iyengaaru Veetu,,Harris,Shankar
2005,Vikram,Anniyan,Andangkaka Kondakari,,Harris,Shankar
2005,Suriya,Ghajini,Oru Maalai,,Harris,AR Murugadoss
2005,Suriya,Ghajini,Suttum Vizhi,,Harris,AR Murugadoss
2007,,Pachakili Muthucharam,Unakul Naane,,Harris,Gautham Menon
2007,,Pachakili Muthucharam,Un Siripinil,,Harris,Gautham Menon
2007,,Pachakili Muthucharam,Karu Karu,,Harris,Gautham Menon
2007,,Unnale Unnale,June Ponal,,Harris,Jeeva
2007,,Unnale Unnale,Vaigasi Nilave,,Harris,Jeeva
2007,,Unnale Unnale,Unnale Unnale,,Harris,Jeeva
2008,Vikram,Bheema,Mudhal Mazhai,,Harris,
2008,Vikram,Bheema,Enadhuyire,,Harris,
2008,,Sathyam,Aaradi Kaathe,,Harris,
2008,,Dhaam Dhoom,Yaaro Manathile,,Harris,Jeeva
2008,,Dhaam Dhoom,Anbe En Anbe,,Harris,Jeeva
2008,Suriya,Vaaranam Aayiram,Adiye Kolluthe,,Harris,Gautham Menon
2008,Suriya,Vaaranam Aayiram,Nenjukkul Peidhidum,,Harris,Gautham Menon
2008,Suriya,Vaaranam Aayiram,Yethi Yethi,,Harris,Gautham Menon
2008,Suriya,Vaaranam Aayiram,Annal Mele Panithuli,,Harris,Gautham Menon
2008,Suriya,Vaaranam Aayiram,Oh Shanthi Shanthi,,Harris,Gautham Menon
2008,Suriya,Vaaranam Aayiram,Ava Enna ,,Harris,Gautham Menon
2008,Suriya,Vaaranam Aayiram,Mundhinam Parthene,,Harris,Gautham Menon
2009,Suriya,Ayan,Pala Pala,,Harris,KV Anand
2009,Suriya,Ayan,Vizhi Moodi,,Harris,KV Anand
2009,Suriya,Aadhavan,Hasili Fisili,,Harris,
2009,Suriya,Aadhavan,Damaku Damaku,,Harris,
2009,Suriya,Aadhavan,Vaarayo Vaarayo,,Harris,
2011,,Engeyum Kadhal,Engeyum Kadhal,,Harris,
2011,,Engeyum Kadhal,Nenjil Nenjil,,Harris,
2011,,Engeyum Kadhal,Dhimu Dhimu,,Harris,
2011,,Ko,Enamo Aedho,,Harris,KV Anand
2011,Suriya,7am Arivu,Mun Andhi,,Harris,AR Murugadoss
2011,Suriya,7am Arivu,Yamma Yamma,,Harris,AR Murugadoss
2012,Vijay,Nanban,En Frienda Pola,,Harris,Shankar
2012,Vijay,Nanban,Asku Laska,,Harris,Shankar
2012,Vijay,Nanban,Nalla Nanban,,Harris,Shankar
2012,,Oru Kal Oru Kannadi,Venaam Machaan,,Harris,
2012,Suriya,Maatraan,Rettai Kathirae,,Harris,KV Anand
2012,Suriya,Maatraan,Naani Koni,,Harris,KV Anand
2012,Suriya,Maatraan,Yaaro Yaaro,,Harris,KV Anand
2012,Vijay,Thuppakki,Kutti Puli Kootam,,Harris,AR Murugadoss
2012,Vijay,Thuppakki,Google Google,,Harris,AR Murugadoss
2012,Vijay,Thuppakki,Vennilave,,Harris,AR Murugadoss
2013,,Irandam Ulagam,En Kadhal Theeye,,Harris,
2013,,Endrendrum Punnagai,Ennai Saaithaalae,,Harris,
2014,,Yaan,Latcham Calorie,,Harris,
2014,,Yaan,Aathangara Orathil,,Harris,
2015,,Anegan,Danga Maari Oodhari,,Harris,KV Anand
2015,,Anegan,Aaathadi Aathadi,,Harris,KV Anand
2015,,Anegan,Thodu Vaanam,,Harris,KV Anand
2015,Ajith,Yennai Arindhal,Mazhai Vara Pogudhe,,Harris,Gautham Menon
2015,Ajith,Yennai Arindhal,Unakenna Venum Sollu,,Harris,Gautham Menon
2015,Ajith,Yennai Arindhal,Adhaaru Adhaaru,,Harris,Gautham Menon
2015,Ajith,Yennai Arindhal,Idhayathai Edho Ondru,,Harris,Gautham Menon
2016,Vikram,Iru Mugan,Kannai Vittu,,Harris,
2017,,Vanamagan,Silu Silu ,,Harris,
2017,,Vanamagan,Yemma Yea Azhagamma,,Harris,
2019,,Kaappaan,Siriki,,Harris,KV Anand
2019,,Kaappaan,Hey Amigo,,Harris,KV Anand
,,Dhruva Natchathiram,Oru Manam,,Harris,Gautham Menon
1999,Suriya,Poovellam Kettuppar,Chudithar Aninthu,,Yuvan,
1999,Suriya,Poovellam Kettuppar,Irava Pagala,,Yuvan,
2001,Ajith,Dheena,Sollamal Thottu,,Yuvan,AR Murugadoss
2001,Ajith,Dheena,Vathikuchi Pathikadhu,,Yuvan,AR Murugadoss
2001,,Manadhai Thirudivittai,Manja Kaatu Maina,,Yuvan,
2001,Suriya,Nandha,Mun Paniyaa,,Yuvan,
2002,Dhanush,Thulluvadho Ilamai,Kann Munney,,Yuvan,Selva
2002,Dhanush,Thulluvadho Ilamai,Neruppu Koothadikudhu,,Yuvan,Selva
2002,Suriya,Mounam Pesiyadhe,Aadatha Aatamellam,,Yuvan,
2003,Dhanush,Kaadhal Kondein,Devathaiyai Kanden,,Yuvan,Selva
2003,Dhanush,Kaadhal Kondein,Nenjodu,,Yuvan,Selva
2004,,7G Rainbow Colony,Ninaithu Ninaithu,,Yuvan,Selva
2004,,7G Rainbow Colony,Kan Pesum Vaarthaigal,,Yuvan,Selva
2004,,Manmadhan,Kadhal Valarthen,,Yuvan,
2005,,Kanda Naal Mudhal,Merke Merke,,Yuvan,
2005,,Sandakozhi,Mundasu Sooriyane,,Yuvan,
2006,Dhanush,Pudhupettai,Oru Naalil,,Yuvan,Selva
2006,Dhanush,Pudhupettai,Variya,,Yuvan,Selva
2006,,Vallavan,Loosu Penne,,Yuvan,
2007,,Deepavali,Kadhal Vaithu,,Yuvan,
2007,Karthi,Paruthiveeran,Ariyadha Vayasu,,Yuvan,
2007,Karthi,Paruthiveeran,Ayyayyo,,Yuvan,
2007,Karthi,Paruthiveeran,Oororam Puliyamaram,,Yuvan,
2007,,Chennai 28,Yaaro,,Yuvan,Venkat Prabhu
2007,,Chennai 28,Jalsa,,Yuvan,Venkat Prabhu
2007,,Chennai 28,Saroja Saman Nikalo,,Yuvan,Venkat Prabhu
2007,,Thottal Po Malarum,Arabu Naade,,Yuvan,
2007,,Kattradhu Tamizh,Paravaiye Engu Irukirai,,Yuvan,
2007,Suriya,Vel,Indha Ooril,,Yuvan,
2007,Suriya,Vel,Kovakkara Kiliye,,Yuvan,
2007,Suriya,Vel,Aayiram Jannal,,Yuvan,
2007,Ajith,Billa,Vethalaya Potendi,,Yuvan,
2007,Ajith,Billa,Seval Kodi,,Yuvan,
2008,Dhanush,Yaaradi Ni Mohini,Engeyo Paartha,,Yuvan,
2008,Dhanush,Yaaradi Ni Mohini,Oru Naalaikkul,,Yuvan,
2008,Dhanush,Yaaradi Ni Mohini,Venmegam,,Yuvan,
2008,,Saroja,Kodana Kodi,,Yuvan,Venkat Prabhu
2008,,Silambattam,Where is the party,,Yuvan,
2009,,Siva Manasula Sakthi,Oru Kal Oru Kannadi,,Yuvan,
2009,,Vaamanan,Oru Devathai Paarkum,,Yuvan,
2010,Karthi,Paiyaa,Thuli Thuli,,Yuvan,
2010,Karthi,Paiyaa,Adada Mazhaida,,Yuvan,
2010,Karthi,Paiyaa,Yedho Ondru,,Yuvan,
2010,Karthi,Paiyaa,En Kadhal Solla,,Yuvan,
2010,Karthi,Paiyaa,Suthuthe Suthuthe,,Yuvan,
2010,,Theeradha Vilayatu Pillai,En Jannal Vandha,,Yuvan,
2010,,Goa,Idhu Varai,,Yuvan,Venkat Prabhu
2010,Karthi,Naan Mahaan Alla,Iragai Pole,,Yuvan,
2011,Ajith,Mankatha,Machi Open the bottle,,Yuvan,Venkat Prabhu
2011,Ajith,Mankatha,Nanbane,,Yuvan,Venkat Prabhu
2013,,Kedi Billa Kiladi Ranga,Konjum Killi,,Yuvan,
2013,,Kedi Billa Kiladi Ranga,Dheivangal Ellam,,Yuvan,
2013,,Thanga Meengal,Aanadha Yaazhai,,Yuvan,
2013,Karthi,Biryani,Edhirthu Nil,,Yuvan,Venkat Prabhu
2013,Ajith,Arrambam,Adadada Arrambame,,Yuvan,
2014,Suriya,Anjaan,Kaadhal Aasai,,Yuvan,
2014,Suriya,Anjaan,Ek Do Theen,,Yuvan,
2016,,Dharma Durai,Poi Vaada,,Yuvan,
2016,,Dharma Durai,Makka Kalanguthappa,,Yuvan,
2018,,Pyaar Prema Kaadhal,High On Love,,Yuvan,
2019,Suriya,NGK,Anbe Peranbe,,Yuvan,Selva
2021,,Maanadu,Voice Of Unity,,Yuvan,Venkat Prabhu
2021,,Maanadu,Meherezylaa,,Yuvan,Venkat Prabhu
2022,Karthi,Viruman,Kanja Poovu Kannala,,Yuvan,
2022,Karthi,Viruman,Madura Veeran,,Yuvan,
2022,,Love Today,Pacha Elai,,Yuvan,
2012,Dhanush,3,Idhazhin Oram,,Anirudh,
2012,Dhanush,3,Kannazhaga,,Anirudh,
2012,Dhanush,3,Nee Partha Vizhigal,,Anirudh,
2012,Dhanush,3,Why This Kolaveri,,Anirudh,
2012,Dhanush,3,Po Nee Po,,Anirudh,
2013,Sivakarthikeyan,Ethir Neechal,Nijamellam Marandhu,,Anirudh,
2013,Sivakarthikeyan,Ethir Neechal,Boomi Enna Suthudhe,,Anirudh,
2013,,Ethir Neechal,Love Boys,,Anirudh,
2013,,David,Kanave Kanave ,,Anirudh,
2013,,Vanakkam Chennai,Osakka Osakka,,Anirudh,
2013,,Vanakkam Chennai,Oh Penne,,Anirudh,
2013,,Vanakkam Chennai,Engadi Porandha,,Anirudh,
2013,,Vanakkam Chennai,Chennai City Gangsta,,Anirudh,
2014,Dhanush,Velaiilla Pattadhari,Title Song,,Anirudh,
2014,Dhanush,Velaiilla Pattadhari,Amma Amma,,Anirudh,
2014,Dhanush,Velaiilla Pattadhari,Po Indru Neeyaga,,Anirudh,
2014,Dhanush,Velaiilla Pattadhari,What A Karuvad,,Anirudh,
2014,Dhanush,Velaiilla Pattadhari,Ey Inga Paaru,,Anirudh,
2014,Dhanush,Velaiilla Pattadhari,Udhungada Sangu,,Anirudh,
2014,Sivakarthikeyan,Maan Karate,Darling Dambakku,,Anirudh,
2014,Sivakarthikeyan,Maan Karate,Un Vizhigalil,,Anirudh,
2014,Sivakarthikeyan,Maan Karate,Royapuram Peter,,Anirudh,
2014,Vijay,Kaththi,Pakkam Vandhu,,Anirudh,AR Murugadoss
2014,Vijay,Kaththi,Selfie Pulla,,Anirudh,AR Murugadoss
2014,Vijay,Kaththi,Aathi,,Anirudh,AR Murugadoss
2015,Sivakarthikeyan,Kakki Sattai,Kadhal Kan Kattudhe,,Anirudh,
2015,Sivakarthikeyan,Kakki Sattai,Kattikida,,Anirudh,
2015,Dhanush,Maari,Maari Thara Local,,Anirudh,
2015,Dhanush,Maari,Don u Don u,,Anirudh,
2015,Vijay Sethupathi,Naanum Rowdy Dhan,Thangamey,,Anirudh,Vignesh Shivan
2015,Vijay Sethupathi,Naanum Rowdy Dhan,Neeyum Naanum,,Anirudh,Vignesh Shivan
2015,Vijay Sethupathi,Naanum Rowdy Dhan,Yennai Matrum Kadhale,,Anirudh,Vignesh Shivan
2015,Vijay Sethupathi,Naanum Rowdy Dhan,Kannana Kanne,,Anirudh,Vignesh Shivan
2015,Vijay Sethupathi,Naanum Rowdy Dhan,Varavaa Varavaa,,Anirudh,Vignesh Shivan
2015,Ajith,Vedalam,Veera Vinayaka,,Anirudh,Siva
2015,Ajith,Vedalam,Aaluma Doluma,,Anirudh,Siva
2015,Dhanush,Thanga Magan,Enna Solla,,Anirudh,
2016,Sivakarthikeyan,Remo,Sirikadhey,,Anirudh,
2016,Sivakarthikeyan,Remo,Daavuya,,Anirudh,
2016,Sivakarthikeyan,Remo,Tamilselvi,,Anirudh,
2016,Sivakarthikeyan,Remo,Senjitaley,,Anirudh,
2017,Ajith,Vivegam,Surviva,,Anirudh,Siva
2017,Sivakarthikeyan,Velaikaran,Karuthavanlam Galejam,,Anirudh,
2018,Suriya,Thaana Serndha Kootam,Naana Thaana,,Anirudh,Vignesh Shivan
2018,Suriya,Thaana Serndha Kootam,Sodakku,,Anirudh,Vignesh Shivan
2021,Vijay,Master,Kutti Story,,Anirudh,Lokesh Kanagaraj
2021,Vijay,Master,Polakattum Para Para,,Anirudh,Lokesh Kanagaraj
2021,Vijay,Master,Vaathi Coming,,Anirudh,Lokesh Kanagaraj
2021,Vijay,Master,Vaathi Raid,,Anirudh,Lokesh Kanagaraj
2021,Vijay,Master,Andha Kanna Paathaka,,Anirudh,Lokesh Kanagaraj
2021,Sivakarthikeyan,Doctor,Chellamma,,Anirudh,Nelson
2021,Sivakarthikeyan,Doctor,So Baby,,Anirudh,Nelson
2022,Vijay,Beast,Arabic Kuthu,,Anirudh,Nelson
2022,Vijay,Beast,Jolly O Gymkhana,,Anirudh,Nelson
2022,Vijay,Beast,Beast Mode,,Anirudh,Nelson
2022,Vijay Sethupathi,Kaathuvakula Rendu Kadhal,Naan Pizhai,,Anirudh,Vignesh Shivan
2022,Sivakarthikeyan,Don,Jalabulajangu,,Anirudh,
2022,Sivakarthikeyan,Don,Bae,,Anirudh,
2022,Dhanush,Thiruchitrambalam,Thaai Kelavi,,Anirudh,
2022,Dhanush,Thiruchitrambalam,Megham Karukkatha,,Anirudh,
2022,Dhanush,Thiruchitrambalam,Life Of Pazham,,Anirudh,
2022,Dhanush,Thiruchitrambalam,Thenmozhi,,Anirudh,
2023,,Jawan,Vandha Edam,,Anirudh,
2023,Vijay,Leo,Naa Ready,,Anirudh,Lokesh Kanagaraj
1995,Arjun,Karnaa,Malare Mounama,,Vidyasagar,
,,Pasumpon,Thamarai Poovukum,Sujatha Mohan,Vidyasagar,Bharathiraja
2003,Vikram,Dhool,Madurai Veeran,,Vidyasagar,
2003,Vikram,Dhool,Koduva Meesai,,Vidyasagar,
2003,,Parthiban Kanavu,Kanaa Kandaenadi,,Vidyasagar,
2003,Vijay,Thirumalai,Neeyaa Pesiyadhu,,Vidyasagar,
2004,Vijay,Ghilli,Arjunaru Villu,,Vidyasagar,
2004,Vijay,Ghilli,Appadi Podu,,Vidyasagar,
2008,,Pirivom Santhipom,Kanden Kanden,,Vidyasagar,
2008,,Pirivom Santhipom,Medhuva Medhuva,,Vidyasagar,
1999,Ajith,Amarkalam,Satham Iladha,,Bharadwaj,
2002,Vikram,Gemini,O Podu,,Bharadwaj,
2004,,Autograph,Nyabagam Varudhe,,Bharadwaj,
2004,,Autograph,Ovvoru Pookalume,,Bharadwaj,
1997,,Suryavamsam,Rosappu Chinna Rosappu,,SA Rajkumar,
1997,,Suryavamsam,Chalakku Chalaku,,SA Rajkumar,
1997,,Suryavamsam,Natchathira Janalil,,SA Rajkumar,
1999,,Thulladha Manamum Thullum,Innisai Paadivarum,Unni Krishnan,SA Rajkumar,
1999,,Nee Varuvai Ena,Oru Devathai Vandhu Vital,"Hariharan, Chitra",SA Rajkumar,
2000,Vijaykanth,Vaanathai Pola,Engal Veetil Ella Naalum,"SPB, Sujatha Mohan",SA Rajkumar,
1994,,Naatamai,Kotta Paakum,"S Janaki, Mano",Sirpy,KS Ravikumar
2001,Vijay,Shahjahan,Mellinamae Mellinamae,Harish Raghavendra,Mani Sharma,
2001,Vijay,Shahjahan,Sarakku Vachiruken,Shankar Mahadevan,Mani Sharma,
2002,Vijay,Youth,Sakarai Nilavae,Harish Raghavendra,Mani Sharma,
2002,Vijay,Youth,Aal Thotta Bhoopathi,Shankar Mahadevan,Mani Sharma,
2005,Vijay,Thirupachi,Kumbida Pona Deivam,Shankar Mahadevan,Dhina,
2007,Vijay,Pokkiri,Aadungada Enna Suththi,Naveen,Mani Sharma,
2007,Vijay,Pokkiri,En Chella Peru Apple,AV Ramanan,Mani Sharma,
2009,Dhanush,Padikkadavan ,Hey Vetri Velaa,Ranjith,Mani Sharma,
2005,Suriya,Maayavi,Kaathadi Pole,Kalpana ,DSP,
2005,Suriya,Aaru,Soda Bottle,Shankar Mahadevan,DSP,
2005,Suriya,Aaru,Paakatha,"Tippu, Sreenivasan",DSP,
2008,Jayam Ravi,Santhosh Subramaniam,Adada Adada,Siddharth,DSP,
2009,Vijay,Villu,Hey Rama Rama,Amal Raj,DSP,
2010,Suriya,Singham,Naane Indhiran,"Benny Dayal, Manicka Vinayagam",DSP,
2015,Vijay,Puli,Puli Puli,"Mano, Priyadarshini",DSP,
2015,Vijay,Puli,Yendi Yendi,"Vijay, Shruti",DSP,
2006,,Chithiram Pesuthadi,Vazha Meenu,Gana Ulaganathan,Sundar Babu,
2008,,Anjathe,Atcham Thavir,Mysskin,Sundar Babu,
2008,,Anjathe,Kaththazha Kannaala,Naveen,Sundar Babu,
2008,,Anjathe,Kannadasan Karaikudi,Mysskin,Sundar Babu,
2009,,Nadodigal,Aadungada Machan,Velmurugan,Sundar Babu,
2007,,Naan Avan Ilai,Macha Kanni,Vijay Antony,Vijay Antony,
2008,,Kadhalil Vizhunthen,Nakka Mukka,Vijay Antony,Vijay Antony,
2009,,TN 07 AL 4777,Aathichudi,Vijay Antony,Vijay Antony,
2009,Vijay,Vettaikarann,Naan Adicha,Shankar Mahadevan,Vijay Antony,
2009,Vijay,Vettaikarann,Puli Urumudhu,"Ananthu, Mahesh Vinayakam",Vijay Antony,
2010,Dhanush,UthamaPuthiran,Idicha Pacharisi,"Sangeetha, Ranjith",Vijay Antony,
2011,Vijay,Velayudham,Chillax,"Karthik, Charulatha Mani",Vijay Antony,
2008,,Subramaniapuram,Kangal Irandal,Deepa Miriam,James Vasanthan,
2008,,Subramaniapuram,Madhura Kulunga,Velmurugan,James Vasanthan,
2011,,Vaagai Sooda Vaa,Sara Sara Saara Kaathu,Chinmayi,Ghibran,
2012,,Attakaththi,Aasai Oru Pulveli,"Pradeep Kumar, Kalyani Nair",SaNa,Pa Ranjith
2012,Vijay Sethupathi,Pizza,Mogathirai,Pradeep Kumar ,,Karthik Subburaj
2014,,Cuckoo,Aagasatha Naa Paakuren,"Pradeep Kumar, Kalyani Nair",,
2014,Karthi,Madras,Naan Nee,"Shakthisree, Dhee",,Pa Ranjith
2014,Karthi,Madras,Aagayam Theepidicha,Pradeep Kumar,,Pa Ranjith
2015,,36 Vayadhinile,Pogiren,Kalpana,,
2015,,36 Vayadhinile,Rasathii,Lalitha,,
2016,Madhavan,Irudhi Sutru,Ey Sandakaara,Dhee,,
2016,,Manithann,Aval,Pradeep Kumar,,
2016,Dhanush,Kodi,Sirukki Vasam,"Anand Aravind, Shwetha Mohan",,
2017,Vijay,Bairavaa,Nilayo,Haricharan,,
2017,,Meyadha Maan,Megamo Aval,Pradeep Kumar,,
2017,,Meyadha Maan,Enga Veetu Kuthuvilakey,Ka Ka Bala,,
2018,Dhanush,Vada Chennai,Kaarkuzhal Kadavaaiye,"Sriram Parthasarathy, Pradeep Kumar",,
2018,Dhanush,Vada Chennai,Ennadi Mayavi Nee,Sid Sriram,,
2020,Jeeva,Gypsy,Manamengum Maaya Oonjal,"Dhee, Haricharan",,
2021,,Karnann,Kanda Vara Sollunga,SaNa,,
2021,,Karnann,Manjanathi Puranam,"SaNa, Deva",,
